referenceNum,jobID,"date",qtyProduced,totalHours,setupTime,productivityScore,"comments"
7562,1180,"2016-03-04",93,0.45,0.25,1937.5,""
7561,2064,"2016-03-07",606,11.88,0.75,30.25,""
7560,2050,"2016-03-07",11664,48.63,0.75,43.5,""
7559,2065,"2016-03-07",192,4.62,0.25,24.41,""
7558,2063,"2016-03-07",720,11.82,0.75,36.13,""
7557,1823,"2015-11-18",10464,2.98,0.75,4.69238e+07,""
7556,2060,"2016-03-07",2900,19.75,0.75,42.4,""
7555,2056,"2016-03-07",2334,44.52,0.75,29.62,""
7554,2062,"2016-03-07",204,2.7,0.75,58.12,""
7553,2054,"2016-03-07",2010,34.68,0.75,32.91,""
7552,2061,"2016-03-07",198,4.38,0.75,30.3,""
7551,2059,"2016-03-07",162,5.58,0.75,18.63,""
7550,2055,"2016-03-07",2834,21.5,0.75,37.94,""
7549,2058,"2016-03-07",96,1.08,0.75,161.62,""
7548,2057,"2016-03-07",264,4.33,0.75,40.97,""
7547,2048,"2016-03-07",720,16.05,0.75,26.14,""
7546,2054,"2016-03-05",360,10.32,0.75,20.9,""
7545,2052,"2016-03-05",948,23.24,0.75,23.42,""
7544,2053,"2016-03-05",984,22.12,0.75,25.49,""
7543,2052,"2016-03-04",1302,34.98,0.75,21.13,""
7542,2053,"2016-03-04",1584,34.68,0.75,25.84,""
7541,2049,"2016-03-04",264,11.7,0.75,13.39,""
7540,2045,"2016-03-04",2604,8.65,0.75,183.12,""
7539,2045,"2016-03-04",2310,48.38,0.75,26.94,""
7538,2048,"2016-03-04",1800,43.57,0.75,23.35,""
7537,2050,"2016-03-04",7008,34.97,0.75,36.57,""
7536,2047,"2016-03-04",14220,41,0.75,88.32,""
7535,2049,"2016-03-04",2058,38.58,0.75,30.22,""
7534,2051,"2016-03-04",3456,29.89,0.75,19.77,""
7533,2038,"2016-03-04",2991,12.35,0.75,46.04,""
7532,2023,"2016-03-04",9600,18.77,0.75,66.59,""
7531,2029,"2016-03-04",475,9.92,0.75,64.75,""
7530,2044,"2016-03-04",672,11.4,0.75,35.05,""
7529,2046,"2016-03-04",156,5.9,0.75,16.83,""
7528,2044,"2016-03-03",1800,47.04,0.75,21.6,""
7527,2045,"2016-03-03",0,2.88,0,0,""
7526,2040,"2016-03-03",2178,43.32,0.75,28.42,""
7525,2035,"2016-03-03",138,4.41,0.75,20.95,""
7524,2043,"2016-03-03",90,3.78,0.75,16.5,""
7523,2040,"2016-03-03",888,25.02,0.75,20.33,""
7522,2035,"2016-03-03",2160,39.9,0.75,30.65,""
7521,2028,"2016-03-03",12257,40.91,0.75,76.3,""
7520,2038,"2016-03-03",9360,33.78,0.75,50.6,""
7519,2023,"2016-03-03",20400,31.05,0.75,84.16,""
7518,2029,"2016-03-03",2088,31.68,0.75,84.38,""
7517,1180,"2016-03-02",26,1.88,0.25,66.46,""
7516,2042,"2016-03-03",126,3.48,0.75,25.64,""
7515,2041,"2016-03-03",246,9.48,0.75,15.65,""
7514,2032,"2016-03-03",4482,20.98,0.75,55.39,""
7513,2037,"2016-03-03",270,7.8,0.25,19.87,""
7512,2039,"2016-03-03",192,5.22,0.25,21.46,""
7511,1902,"2016-03-03",2590,13.78,0.75,35.5,""
7510,1786,"2016-03-03",4188,7.25,0.75,80.54,""
7509,2034,"2016-03-02",2160,63.6,0.75,19.09,""
7508,2032,"2016-03-02",11856,42.34,0.75,71.27,""
7507,2029,"2016-03-02",4060,52.17,0.75,98.7,""
7506,1786,"2016-03-02",1500,3.6,0.75,65.79,""
7505,2028,"2016-03-02",15276,55.05,0.75,70.33,""
7504,1902,"2016-03-02",14880,59.45,0.75,45.27,""
7503,2033,"2016-03-02",24000,40.48,0.75,75.51,""
7502,2031,"2016-03-02",10616,27.26,0.75,50.06,""
7501,2030,"2016-03-01",0,6.12,0,0,""
7499,1902,"2016-03-01",1920,15.89,0.75,22.65,""
7498,2029,"2016-03-01",116,31.17,0.75,4.77,""
7497,2028,"2016-03-01",21660,68.32,0.75,80.14,""
7496,2031,"2016-03-01",10500,19.6,0.75,69.63,""
7495,1965,"2016-03-01",6858,43.26,0.75,48.89,""
7494,2026,"2016-03-01",22914,38.02,0.75,76.85,""
7493,2024,"2016-03-01",2398,19.98,0.75,51.96,""
7492,2027,"2016-03-01",6244,20.59,0.75,78.68,""
7491,1931,"2016-03-01",399,16.78,0.75,69.14,""
7490,2020,"2016-03-01",3852,19.87,0.75,50.37,""
7489,2025,"2016-03-01",1454,8.4,0.75,47.52,""
7488,2027,"2016-02-29",4560,16.68,0.75,71.56,""
7487,1965,"2016-02-29",2736,20.86,0.75,41.23,""
7486,2020,"2016-02-29",10716,42.38,0.75,64.35,""
7481,1180,"2016-02-19",67,0.72,0,387.73,""
7482,2024,"2016-02-29",5081,33.75,0.75,64.15,""
7483,1931,"2016-02-29",396,29.68,0.75,38.02,""
7484,2026,"2016-02-29",18000,39.76,0.75,57.68,""
7485,2025,"2016-02-29",9348,31.8,0.75,75.27,""
7477,2019,"2016-02-29",550,2.88,0.75,215.18,""
7478,1752,"2016-02-29",10799,19.47,0.75,72.11,""
7479,2022,"2016-02-29",5633,32.52,0.75,73.88,""
7480,2021,"2016-02-29",8771,35.08,0.75,44.36,""
7473,2019,"2016-02-26",450,2.48,0.75,216.76,""
7474,2023,"2016-02-26",1449,8.1,0.75,24.64,""
7475,2018,"2016-02-29",1486,6.96,0.75,59.82,""
7476,1995,"2016-02-29",4757,17.35,0.75,95.52,""
7472,2018,"2016-02-26",6384,20.08,0.75,82.57,""
7471,2021,"2016-02-26",1920,12.12,0.75,29.32,""
7470,2022,"2016-02-26",1792,12.95,0.75,61.2,""
7469,1995,"2016-02-26",9837,34.6,0.75,96.87,""
7468,1792,"2015-12-09",4050,0.02,0.75,-693.49,""
7467,2020,"2016-02-26",1197,6.5,0.75,52.04,""
7466,2013,"2016-02-26",9588,39.03,0.75,43.48,""
7464,1747,"2016-02-26",9808,21.35,0.75,59.51,""
7463,2017,"2016-02-26",5343,25.26,0.75,90.83,""
7460,2016,"2016-02-26",2399,7.02,0.75,95.65,""
7461,2010,"2016-02-26",2894,24.63,0.75,33.66,""
7462,2003,"2016-02-26",9284,33.3,0.75,71.31,""
7459,2012,"2016-02-26",2180,16.19,0.75,39.22,""
7458,1999,"2016-02-26",2428,12.85,0.75,83.61,""
7457,2014,"2016-02-26",3633,12.4,0.25,99.67,""
7456,2015,"2016-02-26",299,2.09,0.75,55.78,""
7455,2002,"2016-02-26",7453,4.42,0.75,507.7,""
7454,2012,"2016-02-25",1200,13.15,0.75,26.88,""
7453,2002,"2016-02-25",11400,68.32,0.75,42.18,""
7452,1999,"2016-02-25",8288,41.35,0.75,85.06,""
7451,2013,"2016-02-25",1104,8.26,0.75,25.52,""
7450,2011,"2016-02-25",5025,23.8,0.75,37.85,""
7449,2014,"2016-02-25",1344,3.9,0.75,142.22,""
6609,1747,"2015-10-01",7650,15.12,0,63.24,""
6607,1748,"2015-10-01",924,6.52,0.75,66.72,""
6608,1735,"2015-10-01",121,1.36,0.25,43.6,""
6606,1735,"2015-10-01",5079,65.04,0.25,31.36,""
6605,1698,"2015-10-01",9216,52.75,0.75,53.71,""
6604,1746,"2015-10-01",703,6.88,0.75,57.34,""
6603,1745,"2015-10-01",9978,22.32,0.75,57.82,""
6602,1742,"2015-10-01",3993,24.75,0.75,69.32,""
6601,1744,"2015-10-01",10971,11.1,30,-72.56,""
8109,2340,"2016-05-23",12312,40.85,0.75,76.76,""
8108,2338,"2016-05-23",7820,33.2,0.75,80.33,""
8107,2337,"2016-05-23",10992,57.75,0.75,58.44,""
8106,2341,"2016-05-23",6612,25.43,0.75,66.98,""
8105,1180,"2016-05-23",50,1.38,0,150.97,""
8104,2339,"2016-05-23",4062,14.48,0.75,98.62,""
8103,2337,"2016-05-20",9696,54.15,0.75,55.02,""
8102,2338,"2016-05-20",6440,30,0.75,73.39,""
8101,2339,"2016-05-20",1792,6.64,0.75,101.41,""
8100,2334,"2016-05-20",8431,33.06,0.75,65.24,""
8099,2331,"2016-05-20",7800,30.28,0.75,44.02,""
8098,2279,"2016-05-20",80,2.2,0.75,22.99,""
8097,2336,"2016-05-20",5965,26.72,0.75,76.56,""
8096,1180,"2016-05-20",15,0.52,0,120.19,""
8095,2330,"2016-05-20",562,2.42,0.75,84.13,""
8094,2334,"2016-05-19",16940,66.04,0.75,64.86,""
8093,2330,"2016-05-19",9120,39.5,0.75,58.84,""
8092,2336,"2016-05-19",1150,7.32,0.75,58.35,""
8091,2331,"2016-05-19",10200,32.48,0.75,53.58,""
8090,1180,"2016-05-19",20,0.68,0,122.55,""
8089,2333,"2016-05-19",8529,26.12,0.75,112.06,""
8088,1180,"2016-05-19",38,1.32,0,119.95,""
8087,2333,"2016-05-18",1792,5.5,0.75,125.75,""
8086,2330,"2016-05-18",5016,21.36,0.75,60.84,""
8085,2322,"2016-05-18",22404,4.9,0.75,161.96,""
8084,0,"0000-00-00",5400,0,0.75,0,""
8083,2331,"2016-05-18",5400,22.97,0.75,40.5,""
8082,2329,"2016-05-18",10592,35.26,0.75,102.31,""
8081,2325,"2016-05-18",8961,31.46,0.75,121.58,""
8080,1180,"2016-05-18",25,1.15,0,90.58,""
8079,2328,"2016-05-18",104,24.83,0.75,12,""
8078,2287,"2016-05-18",1737,13.68,0.75,40.71,""
8077,2327,"2016-05-18",550,3.22,0.75,44.53,""
8076,1180,"2016-05-17",79,1.07,0,307.63,""
8075,2314,"2016-05-17",5050,26.94,0.75,38.56,""
8074,2323,"2016-05-17",6003,40.82,0.75,74.91,""
8073,2322,"2016-05-17",0,1.23,0,0,""
8072,2287,"2016-05-17",816,7.56,0.75,36.31,""
8071,2325,"2016-05-17",5928,23.53,0.75,108.43,""
8070,2316,"2016-05-17",10207,57.38,0.75,54.62,""
8069,2324,"2016-05-17",4749,5.8,0.75,188.08,""
8068,2306,"2016-05-17",5507,15.65,0.75,92.4,""
8067,2321,"2016-05-17",10231,5.5,0.75,430.78,"10231 PS  1 AND 2  DAY"
8066,2320,"2016-05-17",474,7.12,0.75,29.76,""
8065,2297,"2016-05-11",12700,0,0.75,-10160,""
8064,2306,"2016-05-16",18724,62.88,0.75,75.34,""
8063,2316,"2016-05-16",4752,30.24,0.75,48.83,""
8062,2318,"2016-05-16",6000,0.37,0.75,-473.68,""
8061,2317,"2016-05-16",4808,9.81,0.75,106.14,""
8060,2302,"2016-05-16",3478,29.05,0.75,37.24,""
8059,2312,"2016-05-14",111,0.01,1,-10277.8,""
8058,2311,"2016-05-13",1400,0,0.75,-777.78,""
8057,2310,"2016-05-13",7800,29.47,0.75,271.59,""
8056,2307,"2016-05-13",2639,7.91,0.75,368.58,""
8055,2307,"2016-05-13",2700,13.2,0.75,216.87,""
8054,2305,"2016-05-13",10293,-106.06,0.75,-96.37,""
8053,2298,"2016-05-13",13976,49.08,0.75,72.29,""
8052,2306,"2016-05-13",15960,48.89,0.75,82.88,""
8051,2302,"2016-05-13",10944,55.12,0.75,61,""
8050,2301,"2016-05-12",3425,18.9,0.75,188.71,""
8049,2305,"2016-05-12",15350,0.37,0.75,-40394.7,""
8048,2301,"2016-05-12",7900,-103.88,0.75,-75.5,""
8047,2303,"2016-05-12",166,9.66,0.75,3.73,""
8046,2302,"2016-05-12",10464,50.33,0.75,63.96,""
8045,2298,"2016-05-12",12996,44.14,0.75,74.88,""
8044,1180,"2016-05-12",25,0.53,0,196.54,""
8043,2299,"2016-05-12",12275,58.38,0.75,53.25,""
8042,2296,"2016-05-12",6779,30.18,0.75,57.59,""
8041,2300,"2016-05-12",468,4.02,0.75,59.63,""
8040,2263,"2016-05-12",2175,8.4,0.75,50.77,""
8039,2301,"2016-05-11",6250,0,0.75,-8333.33,""
8038,2299,"2016-05-11",6156,27.78,0.75,56.94,""
8037,2296,"2016-05-11",9887,49.68,0.75,50.52,""
8036,2297,"2016-05-11",25272,18.51,0.75,853.78,""
8035,2298,"2016-05-11",6156,23.35,0.75,68.1,""
8034,2263,"2016-05-11",11520,31.01,0.75,67.98,""
8033,2300,"2016-05-11",576,2.28,0.75,156.86,""
8032,2283,"2016-05-10",10956,15.34,0.75,312.89,""
8031,1180,"2016-05-09",19,3.28,0,24.14,""
8030,2280,"2016-05-10",8326,50.4,0.75,69.87,""
8029,2275,"2016-05-10",6776,15.15,0.75,196.06,""
8028,2287,"2016-05-11",3456,24.99,0.75,43.2,""
8027,2287,"2016-05-10",11712,63.36,0.75,56.69,""
8026,2285,"2016-05-10",329,5.25,0.75,30.46,""
8025,2290,"2016-05-10",308,3.25,0.75,51.33,""
8024,2273,"2016-05-10",3845,17.6,0.75,95.08,""
8023,2284,"2016-05-10",2734,20.73,0.75,57.02,""
8022,2276,"2016-05-10",2542,15.12,0.75,73.71,""
8021,2288,"2016-05-09",8985,50.7,0.25,74.21,""
8020,2273,"2016-05-09",5192,26.58,0.75,83.75,""
8019,2287,"2016-05-09",9888,59.01,0.75,51.43,""
8018,2276,"2016-05-09",9410,44.33,0.75,89.97,""
8017,2279,"2016-05-09",3127,29.52,0.75,45.29,""
8016,2274,"2016-05-09",2581,13.75,0.75,82.72,""
8015,2281,"2016-05-09",1572,15.78,0.75,43.58,""
8014,2289,"2016-05-09",384,3,0.75,71.11,""
8013,2287,"2016-05-06",7392,44.5,0.75,51.2,""
8012,2289,"2016-05-06",3456,24.03,0.75,61.86,""
8011,2274,"2016-05-06",2520,17.1,0.75,64.22,""
8010,2288,"2016-05-06",2880,19.92,0.75,62.6,""
8009,2276,"2016-05-06",560,8.35,0.75,30.7,""
8008,1180,"2016-05-06",48,0.03,0,6666.67,""
8007,2286,"2016-05-06",4691,27.48,0.75,73.12,""
8006,2290,"2016-05-06",2034,24.03,0.75,36.4,""
8005,2291,"2016-05-06",2501,19.15,0.75,56.63,""
8004,2285,"2016-05-06",2440,25.18,0.75,41.62,""
8003,2289,"2016-05-06",1152,6.16,0.75,88.72,""
8002,2292,"2016-05-06",1143,11.63,0.75,43.77,""
8001,2288,"2016-05-06",1152,7.14,0.75,75.12,""
8000,2283,"2016-05-05",1200,6.04,0.75,94.52,""
7999,2284,"2016-05-05",560,3.9,0.75,74.07,""
7998,2282,"2016-05-05",800,6.18,0.75,61.39,""
7997,2277,"2016-05-05",1784,12.37,0.75,63.97,""
7996,2281,"2016-05-05",520,5.6,0.75,44.67,""
7995,2278,"2016-05-05",1774,14.4,0.75,54.15,""
7994,2280,"2016-05-05",500,7,0.75,33.33,""
7993,2279,"2016-05-05",1000,1.19,0.75,946.97,""
7992,2273,"2016-05-05",3000,21.91,0.75,59.07,""
7991,2276,"2016-05-05",2501,18.56,0.75,58.51,""
7990,2274,"2016-05-05",1540,16.59,0.75,40.51,""
7989,2275,"2016-05-05",1540,14.7,0.75,46,""
7988,2272,"2016-05-05",15027,64.18,0.75,59.23,""
7987,2268,"2016-05-05",3962,21.2,0.75,48.44,""
7986,2262,"2016-05-04",1556,9.4,0.75,1.79884e+06,""
7985,2268,"2016-05-04",14136,46.76,0.75,76.81,""
7984,2262,"2016-05-04",10800,75.12,0.75,1.4522e+06,""
7983,2269,"2016-05-04",15017,51.5,0.75,73.98,""
7982,2270,"2016-05-04",10512,33.88,0.75,79.32,""
7981,2271,"2016-05-04",1802,8.83,0.75,55.75,""
7980,1180,"2016-05-04",22,0.48,0,190.97,""
7979,2266,"2016-05-04",2423,33.6,0.75,30.73,""
7978,1976,"2016-05-04",14992,36.42,0.75,70.05,""
7977,2267,"2016-05-04",4616,14.58,0.75,83.44,""
7976,2267,"2016-05-03",15504,49.8,0.75,79.02,""
7975,1976,"2016-05-03",25920,52.85,0.75,82.92,""
7974,2266,"2016-05-03",2990,47.15,0.75,26.85,""
7973,1180,"2016-04-29",14,2.25,0,25.93,""
7972,1976,"2016-05-02",12960,11.38,0.75,203.2,""
7971,2266,"2016-05-02",572,14.97,0.75,16.76,""
7970,2265,"2016-05-02",4654,35.94,0.75,40.08,""
7969,2263,"2016-05-02",6180,22.19,0.75,51.47,""
7968,2264,"2016-05-02",1552,2.63,0.75,103.19,""
7967,2258,"2016-05-02",4328,14.28,0.75,106.63,""
7966,2262,"2016-05-02",1750,41.28,0.75,431779,""
7965,2261,"2016-05-02",4949,7.47,0.75,92.06,""
7964,2262,"2016-04-30",4450,0,0.75,-5.93333e+07,""
7963,2257,"2016-04-30",15317,-66.02,0.75,-229.4,""
7962,2257,"2016-04-29",8750,9.14,0.75,1042.91,""
7961,2257,"2016-04-29",9500,-160,0.75,-59.1,""
7960,2258,"2016-04-29",11424,37.03,0.75,104.96,""
7959,2261,"2016-04-29",13500,21,0.75,83.33,""
7958,2260,"2016-04-29",9000,17.01,0.75,69.19,""
7957,2033,"2016-04-29",15820,25.34,0.75,80.42,""
7956,2255,"2016-04-29",19275,24.6,0.75,269.39,""
7955,2259,"2016-04-29",1584,11.38,0.75,26.61,""
7954,1974,"2016-04-29",5405,21.6,75,-18.07,""
7448,2010,"2016-02-25",3700,27.18,0.75,38.89,""
7447,2003,"2016-02-25",12084,39.57,0.75,77.82,""
7446,2009,"2016-02-25",5003,18.75,0.75,92.65,""
7445,2008,"2016-02-25",1996,8.55,0.75,90.32,""
7953,2254,"2016-04-29",1096,6.5,0.75,79.42,""
7444,2005,"2016-02-25",3043,24.89,0.75,38.2,""
7443,2006,"2016-02-25",3043,17.7,0.75,49.87,""
7442,2007,"2016-02-25",844,6.07,0.75,44.07,""
7441,2005,"2016-02-24",3744,34.3,0.75,33.82,""
7440,2006,"2016-02-24",5000,27.12,0.75,52.67,""
7439,1999,"2016-02-24",1120,8.65,0.75,59.07,""
7438,2003,"2016-02-24",14997,49.7,0.75,76.59,""
7437,2002,"2016-02-24",19509,75.08,0.75,65.62,""
7436,2007,"2016-02-24",3300,22.65,0.75,41.86,""
7435,2000,"2016-02-24",8474,32.01,0.75,90.36,""
7434,2004,"2016-02-24",2596,21.96,0.75,34,""
7433,1994,"2016-02-24",100,1.08,0.75,84.18,""
7432,1993,"2016-02-24",4992,23.59,0.75,39.03,""
7431,2001,"2016-02-24",4195,20.27,0.75,59.7,""
7430,1998,"2016-02-24",5199,15.75,0.25,83.85,""
7429,1999,"2016-02-23",2912,22.15,0.75,56.7,""
7428,1993,"2016-02-23",8784,34.88,0.75,45.96,""
7427,1995,"2016-02-23",11200,39.96,0.75,95.21,""
7426,2001,"2016-02-23",800,4.6,0.75,57.72,""
7425,2000,"2016-02-23",2964,10.13,0.75,105.33,""
7424,1998,"2016-02-23",8892,27.65,0.75,82.64,""
7423,1991,"2016-02-23",9274,29.71,0.75,80.06,""
7422,1992,"2016-02-23",4110,17.21,0.75,83.23,""
7421,1997,"2016-02-23",1668,8.9,0.25,80.35,""
7420,1990,"2016-02-23",834,3.81,0.25,58.57,""
7419,1992,"2016-02-22",9804,40.91,0.75,81.37,""
7418,1993,"2016-02-22",10416,50.58,0.75,37.33,""
7417,1991,"2016-02-22",13224,41.85,0.75,80.44,""
7416,1996,"2016-02-22",2700,22.4,0.75,34.64,""
7415,1995,"2016-02-22",7616,26.4,0.75,98.97,""
7414,1990,"2016-02-22",13908,42.1,0.75,84.09,""
7413,1994,"2016-02-22",2091,18.75,0.25,31.4,""
7412,1981,"2016-02-22",2586,15.4,0.75,73.55,""
7410,1993,"2016-02-19",4320,29.16,0.75,27.15,""
7411,1991,"2016-02-19",11695,39.91,0.75,74.66,""
7409,1989,"2016-02-19",1134,33.28,0.75,12.45,""
7406,1992,"2016-02-19",1368,11.85,0.25,39.31,""
7407,1981,"2016-02-19",1120,10.07,0.75,50.07,""
7408,1990,"2016-02-19",13224,41.13,0.25,80.87,""
7405,1986,"2016-02-19",17210,59.5,0.25,96.82,""
7404,1899,"2016-02-19",5040,24.56,0.75,37.8,""
7403,1989,"2016-02-18",440,29.38,0.75,5.49,""
7402,1986,"2016-02-18",13181,48.07,0.75,92.85,""
7401,1990,"2016-02-18",4646,14.1,0.75,87,""
7400,1899,"2016-02-18",9696,35.17,0.25,49.58,""
7399,1991,"2016-02-18",1824,7.1,0.25,66.57,""
7398,1992,"2016-02-18",0,5,0,0,""
7397,1987,"2016-02-18",7965,27.16,0.75,75.4,""
7396,1984,"2016-02-18",8684,34.65,0.75,64.04,""
7395,1988,"2016-02-18",5453,14.55,0.25,158.89,""
7394,1985,"2016-02-18",8258,27.9,0.75,101.39,""
7393,1180,"2016-02-01",22,1.82,0,50.37,""
7392,1980,"2016-02-18",1540,31.87,0.75,24.74,""
7391,1913,"2016-02-18",6048,18.95,0.75,59.34,""
7390,1980,"2016-02-17",3806,49.98,0.25,38.27,""
7389,1984,"2016-02-17",7296,29.05,0.75,64.45,""
7388,1987,"2016-02-17",2964,12.94,0.75,60.79,""
7387,1985,"2016-02-17",8436,28.35,0.75,101.88,""
7386,1986,"2016-02-17",5016,16.6,0.75,105.49,""
7385,1988,"2016-02-17",1920,3.9,0.25,219.18,""
7384,1913,"2016-02-17",12576,34.47,0.75,66.6,""
7383,1979,"2016-02-17",7296,18.72,0.75,72.5,""
7382,1955,"2016-02-17",4937,45.78,0.25,45.18,""
7381,1976,"2016-02-17",5094,20.28,0.75,43.47,""
7380,1982,"2016-02-17",3503,17.25,0.75,88.46,""
7379,1983,"2016-02-17",1828,8.92,0.25,87.85,""
7378,1981,"2016-02-17",2464,12.85,0.75,84.85,""
7377,1982,"2016-02-16",5088,28.6,0.75,76.12,""
7376,1955,"2016-02-16",7240,50.53,0.25,60,""
7375,1979,"2016-02-16",18720,50.09,0.75,67.75,""
7374,1983,"2016-02-16",4986,30.5,0.75,69.83,""
7373,1980,"2016-02-16",3384,49.8,0.25,34.15,""
7372,1981,"2016-02-16",5152,30.86,0.75,71.29,""
7371,1940,"2016-02-16",792,3.32,0.75,51.36,""
7370,1976,"2016-02-16",13392,35.9,0.75,63.5,""
7369,1954,"2016-02-16",331,10.85,0.75,27.31,""
7368,1952,"2016-02-16",385,15.05,0.25,10.84,""
7367,1977,"2016-02-15",1117,42.35,0.75,59.67,""
7366,1976,"2016-02-15",14976,47.53,0.75,53.36,""
7365,1952,"2016-02-15",7191,49.3,0.75,61.71,""
7364,1955,"2016-02-15",1480,12.78,0.25,49.22,""
7363,1954,"2016-02-15",3339,57.19,0.75,49.3,""
7362,1914,"2016-02-15",27313,16.36,0.75,188.82,""
7361,1948,"2016-02-15",4774,37.62,0.75,21.58,""
7360,1914,"2016-02-12",36000,16.95,0.25,232.63,""
7359,1948,"2016-02-12",6000,46.17,0.75,22.02,""
7358,1977,"2016-02-12",288,20.99,0.75,31.62,""
7357,1976,"2016-02-12",11232,42.16,0.75,45.21,""
7356,1952,"2016-02-12",9486,67.54,0.25,58.74,""
7355,1974,"2016-02-12",4967,20.15,0.75,45.72,""
7354,1966,"2016-02-12",2594,8.5,0.75,55.78,""
7353,1973,"2016-02-12",4059,11.27,0.25,35.08,""
7352,1975,"2016-02-12",3070,13.7,0.75,22.58,""
7351,1933,"2016-02-12",800,4.8,0.25,29.3,""
7350,1914,"2016-02-11",30000,17.08,0.2,191.79,""
7349,1971,"2016-02-11",189,3.15,0.75,78.75,""
7348,1969,"2016-02-11",5852,31.99,0.25,30.73,""
7347,1948,"2016-02-11",1000,8.19,0.75,22.4,""
7346,1947,"2016-02-11",2800,17.1,0.75,28.54,""
7345,1933,"2016-02-11",6800,25.2,0.25,45.42,""
7344,1952,"2016-02-11",8721,55.34,0.25,65.96,""
7343,1973,"2016-02-11",660,6.05,0.75,11.86,""
7339,1967,"2016-02-11",6158,28.34,0.75,37.2,""
7340,1965,"2016-02-11",1989,17.15,0.75,36.75,""
7341,1970,"2016-02-11",4226,16.58,0.75,44.49,""
7342,1968,"2016-02-11",4800,36.17,0.75,41.07,""
7338,1938,"2016-02-11",4232,16.92,0.75,87.24,""
7337,1958,"2016-02-11",4339,26.25,0.25,55.63,""
7336,1966,"2016-02-11",774,3.84,0.75,41.75,""
7335,1964,"2016-02-11",1083,7.52,0.75,26.66,""
7334,1914,"2016-02-10",40000,16.46,0.75,274.76,""
7333,1959,"2016-02-10",8665,33.61,0.25,86.58,""
7332,1947,"2016-02-10",4400,25.65,0.75,29.45,""
7331,1952,"2016-02-10",7344,41.24,0.25,74.65,""
7330,1933,"2016-02-10",6400,25.41,0.25,42.4,""
7329,1965,"2016-02-10",3744,27.15,0.75,42.98,""
7328,1964,"2016-02-10",6600,22.32,0.75,51,""
7327,1958,"2016-02-10",5400,32.18,0.75,57.27,""
7326,1938,"2016-02-10",8664,33.28,0.75,88.78,""
7325,1956,"2016-02-10",24786,18.43,0.25,681.68,""
7324,1961,"2016-02-10",5100,30.93,0.75,51.21,""
7323,1963,"2016-02-10",1550,4.97,0.75,0,""
7322,1962,"2016-02-10",205,10.68,0.75,11.47,""
7321,1914,"2016-02-09",26000,16.64,0.75,176.57,""
7320,1958,"2016-02-09",6000,40.46,0.75,50.37,""
7319,1956,"2016-02-09",32307,25.2,0.25,647.43,""
7318,1947,"2016-02-09",6800,42.1,0.75,27.41,""
7317,1957,"2016-02-09",208,22.86,0.25,5.11,""
7316,1960,"2016-02-09",5129,35.91,0.75,44.2,""
7315,1952,"2016-02-09",6732,39.58,0.25,71.32,""
7314,1959,"2016-02-09",6272,34.62,0.25,60.83,""
7313,1951,"2016-02-09",1990,15.26,0.75,41.56,""
7312,1953,"2016-02-09",485,7,0.75,23.52,""
7311,1954,"2016-02-09",560,10.08,0.25,47.47,""
7310,1914,"2016-02-08",26000,16.92,0.75,173.52,""
7309,1952,"2016-02-08",6120,42.05,0.75,61.74,""
7308,1956,"2016-02-08",25800,27.97,0.75,473.92,""
7307,1953,"2016-02-08",10560,58.5,0.75,55.41,""
7306,1958,"2016-02-08",3600,24.2,0.75,51.17,""
7305,1955,"2016-02-08",4519,39.38,0.25,48.12,""
7304,1947,"2016-02-08",40,6.75,0.25,1.03,""
7303,1957,"2016-02-08",200,17.85,0.75,6.5,""
7302,1954,"2016-02-08",3024,45.3,0.25,55.94,""
7301,1938,"2016-02-08",2736,10.32,0.75,95.3,""
7300,1953,"2016-02-05",9072,55.9,0.75,49.85,""
7299,1955,"2016-02-05",1840,18.3,0.25,42.47,""
7298,1938,"2016-02-05",5244,24.43,0.75,73.82,""
7297,1914,"2016-02-05",12000,15.42,0.25,85.36,""
7296,1954,"2016-02-05",2709,69.78,0.25,32.47,""
7295,1939,"2016-02-05",4828,12.27,0.75,69.85,""
7294,1948,"2016-02-05",3000,30,0.25,16.81,""
7293,1950,"2016-02-05",1503,37.05,0.25,34.04,""
7291,1951,"2016-02-04",9408,57.05,0.75,50.64,""
7292,1914,"2016-02-02",40000,0,0.75,-5755.4,"machine problem"
7290,1939,"2016-02-04",2640,9.44,0.25,47.88,""
7289,1950,"2016-02-04",5355,123.07,0.25,36.33,""
7288,1948,"2016-02-04",3500,37.56,0.75,15.85,""
7287,1941,"2016-02-04",9019,30.4,0.75,50.7,""
7286,1947,"2016-02-04",2000,12.77,0.25,26.62,""
7285,1945,"2016-02-04",8141,25.73,0.75,54.32,""
7284,1942,"2016-02-04",1255,2.06,0.75,28.74,""
7283,1947,"2016-02-03",4400,25.5,0.25,29.04,""
7282,1948,"2016-02-03",1500,25.2,0.75,10.22,""
7281,1951,"2016-02-03",3744,30.98,0.75,37.53,""
7280,1950,"2016-02-03",1134,45.77,0.75,20.99,""
7279,1942,"2016-02-03",19075,21.15,0.75,28.05,""
7278,1946,"2016-02-03",4032,18.48,0.75,39.48,""
7277,1940,"2016-02-03",8539,32.12,0.75,45.37,""
7276,1938,"2016-02-03",4104,15,0.75,96,""
7275,1949,"2016-02-03",13530,48.92,0.25,46.33,""
7274,1952,"2016-02-03",1224,11.9,0.25,43.78,""
7273,1936,"2016-02-03",6103,27.41,0.25,74.9,""
7272,1945,"2016-02-03",3300,10.68,0.75,55.39,""
7271,1940,"2016-02-02",10800,33.97,0.75,54.18,""
7270,1933,"2016-02-02",4330,24.96,0.25,29.21,""
7269,1945,"2016-02-02",1980,5.6,0.25,61.68,""
7268,1936,"2016-02-02",7752,32.12,0.25,81.08,""
7267,1938,"2016-02-02",8185,32.68,0.75,85.45,""
7266,1944,"2016-02-02",4028,20.22,0.75,35.92,""
7265,1946,"2016-02-02",960,6.78,0.75,27.64,""
7264,1922,"2016-02-02",2388,9.96,0.75,7.78,""
7263,1941,"2016-02-02",5280,18.08,0.75,50.78,""
7262,1934,"2016-02-02",912,26.15,0.25,8.8,""
7261,1937,"2016-02-02",3930,21.12,0.75,33.49,""
7260,1939,"2016-02-02",4620,14.85,0.75,54.61,""
7259,1933,"2016-01-29",2070,9.92,0.25,35.68,""
7258,1914,"2016-02-01",20000,16.88,0.2,129.39,""
7257,1922,"2016-02-01",12100,20.24,0.75,18.62,""
7256,1938,"2016-02-01",1140,10.28,0.75,39.87,""
7255,1936,"2016-02-01",5472,25.15,0.25,73.25,""
7254,1937,"2016-02-01",4080,20.1,0.75,36.61,""
7253,1939,"2016-02-01",660,2.75,0.25,44,""
7252,1934,"2016-02-01",8664,47.32,0.25,46.02,""
7251,1935,"2016-02-01",11610,42.94,0.75,45.86,""
7250,1881,"2016-02-01",2466,13.1,0.25,63.97,""
7249,1834,"2016-02-01",6618,23.88,0.75,51.09,""
7248,1932,"2016-02-01",5636,24.05,0.75,80.63,""
7247,1914,"2016-01-29",38000,16.3,0.2,254.7,""
7246,1881,"2016-01-29",9890,38.11,0.25,87.08,""
7245,1834,"2016-01-29",14592,50.23,0.75,52.66,""
7244,1922,"2016-01-29",15900,25.22,0.75,19.49,""
7243,1932,"2016-01-29",9120,36.83,0.75,84.26,""
7242,1935,"2016-01-29",660,1.5,0.75,146.67,""
7241,1934,"2016-01-29",3876,24.3,0.25,40.29,""
7240,1930,"2016-01-29",8304,34.57,0.75,40.92,""
7952,2257,"2016-04-28",2150,0,0.75,-2866.67,""
7237,1180,"2016-01-26",35,0.65,45,-3.29,"DONE"
7236,1926,"2016-01-29",3380,22.73,0.25,75.18,""
7235,1931,"2016-01-29",399,17.01,0.75,68.16,""
7234,1914,"2016-01-28",38000,16.9,0.75,253.91,""
7233,1917,"2016-01-28",8909,36.29,0.75,83.56,""
7231,1930,"2016-01-28",5280,23.48,0.75,38.72,""
7230,1922,"2016-01-28",7900,25.29,0.75,9.66,""
7229,1834,"2016-01-28",13632,50.12,0.75,49.31,""
7228,1931,"2016-01-28",100,12.65,0.75,23.34,""
7227,1929,"2016-01-28",249,17.51,0.75,41.27,""
7226,1926,"2016-01-28",4788,35.45,0.25,68.01,""
7225,1928,"2016-01-28",4284,31.98,0.25,67.51,""
7224,1927,"2016-01-28",270,1.5,0.75,360,""
7222,1926,"2016-01-27",2520,31.1,0.25,40.84,""
7223,1914,"2016-01-27",26000,16.86,0.75,174.16,""
7221,1834,"2016-01-27",1152,8.51,0.75,26.51,""
7220,1904,"2016-01-27",7314,34.62,0.75,38.56,""
7219,1922,"2016-01-26",3000,16.5,0.75,5.71,""
7218,1917,"2016-01-27",11400,42.47,0.75,91.08,""
7217,1928,"2016-01-27",1008,6.65,0.25,78.75,""
7216,1925,"2016-01-27",4899,36.98,0.75,67.61,""
7215,1924,"2016-01-27",1836,19.38,0.25,47.99,""
7214,1923,"2016-01-27",780,4,0.25,69.33,""
7213,1921,"2016-01-27",1000,2.54,0.25,87.34,""
7212,1914,"2016-01-26",18000,5.47,0.75,411.54,""
7211,1921,"2016-01-26",9000,22.28,0.25,81.71,""
7210,1917,"2016-01-26",14364,59.86,0.75,81,""
7209,1923,"2016-01-26",3876,14.25,0.25,92.29,""
7208,1924,"2016-01-26",1764,15.32,0.25,58.53,""
7206,1918,"2016-01-26",7702,39.61,0.75,66.07,""
7205,1820,"2016-01-26",3744,17.52,0.75,39.87,""
7204,1910,"2016-01-25",3879,65.4,0.75,20,""
7203,1900,"2016-01-25",258872,16.86,0.2,1151,""
7202,1919,"2016-01-25",3888,27.24,0.75,58.71,""
7201,1920,"2016-01-25",575,6.72,0.75,17.2,""
7200,1693,"2016-01-25",7263,43.38,0.75,51.63,""
7199,1917,"2016-01-25",7698,33.28,0.75,78.88,""
7198,1918,"2016-01-25",7874,33.88,0.75,79.22,""
7197,1916,"2016-01-25",14471,38.63,0.75,47.75,""
7196,1180,"2016-01-20",69,1.32,0.2,256.7,""
7195,1820,"2016-01-25",1455,7.38,0.75,39.19,""
7194,1910,"2016-01-22",9450,93.37,0.75,34.01,""
7193,1919,"2016-01-22",144,6.32,0.75,10.34,""
7192,1820,"2016-01-22",7488,26.83,0.75,51.27,""
7191,1918,"2016-01-22",2964,14.1,0.75,74.01,""
7190,1917,"2016-01-22",4788,23.6,0.75,69.85,""
7189,1916,"2016-01-22",15930,42.78,0.75,47.38,""
7188,1913,"2016-01-22",6048,21,0.75,53.33,""
7187,1894,"2016-01-22",1029,12.6,0.75,14.47,""
7186,1914,"2016-01-22",6000,11.86,0.2,55.53,""
7185,1915,"2016-01-22",4400,30.18,0.75,37.38,""
7951,2256,"2016-04-28",9437,78.87,0.75,120.8,""
7184,1911,"2016-01-22",1744,9.4,0.75,50.4,""
7182,1854,"2016-01-22",5811,16.86,0.75,90.18,""
7181,1909,"2016-01-22",1282,5.22,0.75,35.85,""
7180,1912,"2016-01-22",208,4.08,0.75,31.23,""
7179,1900,"2016-01-21",34990,11.8,0.1,221.53,""
7178,1854,"2016-01-21",17100,42,0.75,103.64,""
7177,1910,"2016-01-21",5884,80.58,0.75,24.57,""
7176,1913,"2016-01-21",5472,25.15,0.75,40.05,""
7175,1912,"2016-01-21",6221,49.1,0.75,64.33,""
7174,1909,"2016-01-21",12780,25.87,0.75,63.59,""
7173,1911,"2016-01-21",7296,38.66,0.75,48.11,""
7172,1797,"2016-01-21",2325,16.12,0.75,45.84,""
7171,1910,"2016-01-20",1800,36.87,0.75,16.61,""
7170,1833,"2015-12-03",1800,185.82,0.75,2.03,""
7169,1797,"2016-01-20",9024,50.8,0.75,54.64,""
7168,1900,"2016-01-20",30000,15.94,0.2,141.18,""
7167,1854,"2016-01-20",9480,29.85,0.75,81.44,""
7166,1909,"2016-01-20",11070,28.38,0.75,50.08,""
7165,1911,"2016-01-20",1368,15.6,0.75,23.03,""
7164,1906,"2016-01-19",4431,50.25,0.75,44.76,""
7163,1850,"2016-01-20",5395,35.51,0.25,51,""
7162,1908,"2016-01-20",6357,19.14,0.75,1.38271e+07,""
7161,1892,"2016-01-20",2678,8.1,0.75,91.09,""
7160,1900,"2016-01-18",108000,17.14,0.25,473.65,""
7159,1849,"2016-01-19",2860,26.15,0.75,23.46,""
7158,1797,"2016-01-19",9168,56.26,0.75,50.05,""
7157,1863,"2016-01-19",5794,54.42,0,1.77447e+06,""
7156,1892,"2016-01-19",17000,42.25,0.75,102.41,""
7155,1908,"2016-01-19",7840,23.52,0.75,1.37725e+07,""
7154,1180,"2016-01-19",53,1.88,0,117.46,""
7153,1903,"2016-01-19",1555,9.88,0.75,42.58,""
7152,1885,"2016-01-18",4275,16.7,0.25,86.63,""
7151,1849,"2016-01-18",4913,41.6,0.75,25.06,""
7150,1892,"2016-01-18",17000,42.02,0.75,102.98,""
7149,1797,"2016-01-18",528,6.6,0.75,27.35,""
7148,1903,"2016-01-18",7545,33.08,0.75,58.34,""
7147,1907,"2016-01-18",2943,15.6,0.75,35.39,""
7146,1863,"2016-01-18",2023,22.4,0.75,1.55735e+06,""
7145,1906,"2016-01-18",3920,27.9,0.75,72.19,""
7144,1904,"2016-01-18",5880,20.03,0.75,54.46,""
7143,1905,"2016-01-18",3432,22.3,0.75,79.63,""
7142,1850,"2016-01-18",7324,18.23,0.75,87.29,""
7141,1900,"2016-01-15",46000,17.24,0.25,200.55,""
7140,1897,"2016-01-15",4189,57.54,0.25,36.56,""
7139,1885,"2016-01-15",5029,16.6,0.25,102.53,""
7138,1904,"2016-01-15",13824,44.75,0.75,56.1,""
7137,1903,"2016-01-15",7296,32.8,0.75,56.91,""
7136,1846,"2016-01-15",1557,16.85,0.75,20.15,""
7135,1849,"2016-01-15",2601,23.15,0.75,24.19,""
7134,1850,"2016-01-15",4624,40.4,0.75,24.3,""
7133,1892,"2016-01-15",13000,33.12,0.75,100.4,""
7132,1905,"2016-01-15",1960,14.7,0.25,67.82,""
7131,1901,"2016-01-15",4465,33.6,0.25,66.94,""
7130,1900,"2016-01-14",42000,13.73,0.25,230.79,""
7129,1897,"2016-01-14",3903,70.8,0.25,27.66,""
7128,1885,"2016-01-14",5820,25.29,0.25,77.48,""
7127,1903,"2016-01-14",2508,12.85,0.75,51.82,""
7126,1902,"2016-01-14",12087,42.02,0.75,52.3,""
7125,1892,"2016-01-14",16000,41.75,0.75,97.56,""
7124,1901,"2016-01-14",7560,47.9,0.75,80.17,""
7123,1898,"2016-01-14",8363,40.37,0.75,35.18,""
7122,1896,"2016-01-14",5683,28.35,0.75,51.48,""
7121,1885,"2016-01-13",8497,30.85,0.25,92.56,""
7120,1900,"2016-01-13",2000,11.4,0.25,13.29,""
7119,1896,"2016-01-13",8208,41.18,0.75,50.75,""
7118,1892,"2016-01-13",16000,42.25,0.75,96.39,""
7117,1901,"2016-01-13",4200,30.72,0.22,68.85,""
7116,1898,"2016-01-13",6624,31.83,0.75,35.52,""
7115,1902,"2016-01-13",1488,9.3,0.75,31.08,""
7114,1897,"2016-01-13",2000,56,0.25,17.94,""
7113,1899,"2016-01-13",5232,26.88,0.75,35.76,""
7112,1891,"2016-01-13",2127,19.39,0.75,57.05,""
7111,1697,"2016-01-13",1814,16.1,0.75,35.81,""
7110,1885,"2016-01-12",12150,42.35,0.25,96.2,""
7109,1892,"2016-01-12",15500,42.1,0.75,93.71,""
7108,1896,"2016-01-12",912,3.8,0.75,74.75,""
7107,1891,"2016-01-12",7253,56.01,0.25,65.04,""
7106,1697,"2016-01-12",4656,31.71,0.75,45.57,""
7105,1895,"2016-01-12",912,7.32,0.75,34.7,""
7104,1180,"2016-01-12",20,0.2,0,416.67,""
7103,1894,"2016-01-12",1030,9.48,0.75,19.66,""
7102,1893,"2016-01-12",2112,12.32,0.75,45.64,""
7101,1576,"2016-01-12",5760,26.05,0.75,40.65,""
7100,1885,"2016-01-11",3742,14.63,0.25,86.74,""
7099,1893,"2016-01-11",1824,9.52,0.75,52,""
7098,1892,"2016-01-11",7500,21.4,0.75,90.8,""
7097,1891,"2016-01-11",6440,48.9,0.25,66.19,""
7094,1889,"2016-01-11",7737,20.65,0.75,97.2,""
7095,1890,"2016-01-11",3535,27.32,0.75,33.26,""
7096,1697,"2016-01-11",7056,47.03,0.75,46.2,""
7093,1889,"2016-01-08",16250,45.85,0.75,90.08,""
7092,1890,"2016-01-08",11592,46.1,0.75,63.9,""
7091,1697,"2016-01-08",8976,58.87,0.75,46.8,""
7090,1891,"2016-01-08",5040,46.02,325,-9.03,""
7089,1885,"2016-01-08",4725,24.35,0.25,65.35,""
7088,1890,"2016-01-07",5016,22.54,0.75,57.55,""
7087,1889,"2016-01-07",9000,11.39,0.75,211.47,""
7086,1697,"2016-01-07",1776,21.08,0.75,26.47,""
7085,1888,"2016-01-07",6471,45.34,0.75,25.19,""
7084,1887,"2016-01-07",17603,58.64,0.75,76.02,""
7083,1887,"2016-01-06",21300,65.02,0.75,82.85,""
7082,1886,"2016-01-06",10227,66.42,0.75,47.19,""
7081,1885,"2016-01-05",7883,20.67,0.25,128.68,""
7080,1693,"2016-01-05",9156,63.93,0.75,43.91,""
7079,1854,"2016-01-05",29145,110.1,0.75,66.63,""
7078,1885,"2016-01-04",10800,28.08,0.25,129.36,""
7077,1693,"2016-01-04",9408,57.39,0.75,50.33,""
7076,1854,"2016-01-04",24396,100.87,0.75,60.92,""
7075,1881,"2016-01-04",1567,7.06,0.75,82.78,""
7074,1884,"2016-01-04",2384,4.31,0.75,83.71,""
7073,1884,"2015-12-31",16350,23.29,0.25,88.7,""
7072,1881,"2015-12-31",7820,31.06,0.75,86,""
7071,1854,"2015-12-31",15150,41.6,0.75,92.72,""
7070,1693,"2015-12-31",2784,20.6,0.75,42.5,""
7069,1883,"2015-12-31",2731,16.92,0.75,51.18,""
7068,1854,"2015-12-30",16000,42.25,0.75,96.39,""
7067,1882,"2015-12-30",8375,32.48,0.75,87.98,""
7066,1883,"2015-12-30",7824,49.24,0.75,48.89,""
7065,1884,"2015-12-30",1650,2.04,0.25,115.22,""
7064,1830,"2015-12-30",16728,30.28,0.75,70.81,""
7063,1880,"2015-12-30",151,4.47,0.75,14.5,"PROBLEM WITH THE MACHINE WITH SELL"
7062,1854,"2015-12-29",15800,42.15,0.75,95.41,""
7061,1830,"2015-12-29",4950,11.22,0.75,59.1,""
7060,1881,"2015-12-29",1840,8.25,0.75,81.78,""
7059,1882,"2015-12-29",1610,7.25,0.75,82.56,""
7058,1880,"2015-12-29",416,18.9,0.75,8.19,""
7057,1863,"2015-12-29",3701,38.26,0.75,1.64445e+06,""
7056,1868,"2015-12-29",4282,33.27,0.25,64.84,""
7055,1797,"2015-12-29",2952,39.12,0.75,23.31,""
7054,1797,"2015-12-28",3888,50.3,0.75,23.78,""
7053,1854,"2015-12-28",15500,42.15,0.75,93.6,""
7052,1868,"2015-12-28",8120,49.5,0.25,82.44,""
7051,1880,"2015-12-28",52,24.96,0.75,0.77,""
7050,1879,"2015-12-28",8941,33.2,0.75,91.84,""
7049,1868,"2015-12-24",4480,38.95,0.25,57.88,""
7048,1879,"2015-12-24",1380,10.1,0.75,49.2,""
7047,1854,"2015-12-24",10000,24.85,0.75,103.73,""
7046,1797,"2015-12-24",1968,30.84,0.75,19.82,""
7045,1878,"2015-12-24",1038,5.85,0.75,50.88,""
7044,1876,"2015-12-23",1391,10.26,0.75,7.31,""
7043,1868,"2015-12-23",4200,52.88,0.75,40.28,""
7042,1854,"2015-12-23",15509,43,0.75,91.77,""
7041,1878,"2015-12-23",3192,16.8,0.75,49.72,""
7040,1875,"2015-12-23",4560,20.4,0.75,41.44,""
7039,1849,"2015-12-23",4370,37.81,0.75,24.57,""
7038,1877,"2015-12-23",1429,44.45,0.75,16.35,""
7037,1863,"2015-12-23",2890,29.58,0.75,1.67071e+06,""
7036,1850,"2015-12-23",4335,42.3,0.25,21.48,""
7035,1848,"2015-12-23",2331,21.86,0.25,22.47,""
7034,1870,"2015-12-23",3154,15.32,0.75,54.12,""
7033,1846,"2015-12-23",157,2.97,0.75,14.73,""
7032,1848,"2015-12-22",3468,37.1,0.75,19.88,""
7031,1850,"2015-12-22",4046,45.27,0.75,18.93,""
7030,1846,"2015-12-22",5780,54.52,0.75,22.39,""
7029,1854,"2015-12-22",14250,42.1,0.75,86.15,""
7028,1876,"2015-12-22",222,6.06,0.25,1.91,""
7027,1849,"2015-12-22",5780,50.42,0.75,24.24,""
7026,1875,"2015-12-22",5376,21.25,0.75,46.83,""
7025,1870,"2015-12-22",1633,13.4,0.75,32.27,""
7024,1850,"2015-12-22",5780,45.73,0.75,26.77,""
7023,1848,"2015-12-22",6358,52.47,0.25,25.37,""
7022,1874,"2015-12-22",2999,23.75,0.75,6.52,""
7021,1871,"2015-12-22",1154,17.23,0.75,3.5,""
7020,1868,"2015-12-22",3920,48.67,0.75,40.9,""
7019,1863,"2015-12-22",0,13.53,0,0,""
7018,1872,"2015-12-22",4064,26.62,0.75,39.27,""
7017,1736,"2015-12-22",388,6.5,0.75,12.05,""
7016,1863,"2015-12-21",2023,26.8,0.25,1.26993e+06,""
7015,1849,"2015-12-17",4913,35.55,0.75,29.41,""
7014,1848,"2015-12-21",5491,49.6,0.25,23.18,""
7013,1850,"2015-12-21",5202,50.53,0.75,21.77,""
7012,1736,"2015-12-21",6336,28.03,0.75,41.47,""
7011,1846,"2015-12-21",5202,50.23,0.75,21.9,""
7010,1854,"2015-12-21",17200,42.85,0.75,102.14,""
7009,1871,"2015-12-21",450,10.67,0.25,2.16,""
7008,1868,"2015-12-21",3920,43.93,0.75,45.39,""
7007,1870,"2015-12-21",4641,27.72,0.75,6.8832e+06,""
7006,1180,"2015-12-21",42,0.5,0,350,""
7005,1869,"2015-12-21",1572,26.2,0.75,30.88,""
7004,1867,"2015-12-21",207,5.77,0.75,20.62,""
7003,1866,"2015-12-21",3084,21.72,0.75,36.77,""
7002,1863,"2015-12-18",4046,8.25,0.25,8.42917e+06,""
7001,1867,"2015-12-18",2790,36.92,0.25,38.04,""
7000,1850,"2015-12-18",4913,49.8,0.75,20.87,""
6999,1854,"2015-12-18",15800,42.5,0.75,94.61,""
6998,1846,"2015-12-18",5491,50.59,0.75,22.95,""
6997,1866,"2015-12-18",5224,37.8,0.75,35.25,""
6996,1848,"2015-12-18",3179,47.47,0.25,14.03,""
6995,1868,"2015-12-18",0,27.36,0.75,0,""
6994,1180,"2015-12-18",18,0.98,0,76.53,""
6993,1865,"2015-12-18",860,14.84,0.75,30.52,""
6992,1862,"2015-12-18",2137,10.98,0.75,52.22,""
6991,1863,"2015-12-17",4913,49.17,0.25,1.67382e+06,""
6990,1180,"2015-12-17",84,1.82,0,192.31,""
6989,1862,"2015-12-17",7524,42.91,0.75,44.62,""
6988,1854,"2015-12-17",12000,33.09,0.75,92.76,""
6987,1864,"2015-12-17",1154,19.85,0.25,29.44,""
6986,1865,"2015-12-17",630,9.43,0.25,34.31,""
6985,1861,"2015-12-17",2065,20,0.75,53.64,""
6984,1846,"2015-12-17",5202,43.77,0.75,25.19,""
6983,1848,"2015-12-17",3468,39.42,0.25,18.45,""
6982,1850,"2015-12-17",4335,43.2,0.75,21.28,""
6981,1854,"2015-12-16",16649,41.37,0.75,102.47,""
6980,1850,"2015-12-16",2601,34.5,0.75,16.06,""
6978,1849,"2015-12-16",5202,53,0.75,20.74,""
6979,1846,"2015-12-16",8381,68.17,0.75,25.9,""
6977,1862,"2015-12-16",228,3.73,0.75,19.13,""
6976,1860,"2015-12-16",1560,20.53,0.25,38.46,""
6975,1861,"2015-12-16",900,10.32,0.25,44.69,""
6974,1848,"2015-12-16",5491,52.6,0.25,21.85,""
6973,1858,"2015-12-16",10183,48.7,0.75,53.09,""
6972,1856,"2015-12-16",762,2.81,0.25,99.22,""
6971,1848,"2015-12-15",6936,60.07,0.25,24.16,""
6970,1850,"2015-12-15",6358,45.51,0.75,29.59,""
6969,1856,"2015-12-15",2904,16.16,0,59.9,""
6968,1854,"2015-12-15",14680,42.85,0.75,87.17,""
6967,1858,"2015-12-15",10944,55.42,0.75,50.05,""
6966,1846,"2015-12-15",6936,61.63,0.75,23.74,""
6965,1849,"2015-12-15",5202,53.03,0.75,20.73,""
6964,1859,"2015-12-15",2592,11.9,0.75,41.51,""
6963,1850,"2015-12-14",7803,51.97,0.75,31.74,""
6962,1854,"2015-12-14",11750,46.96,0.75,63.57,""
6961,1849,"2015-12-14",4624,52.88,0.75,18.48,""
6960,1846,"2015-12-14",7225,54.63,0.75,27.94,""
6959,1858,"2015-12-14",5244,26.4,0.75,51.11,""
6958,1848,"2015-12-14",6069,59.26,0.25,21.43,""
6957,1857,"2015-12-14",1934,24.83,0.75,20.08,""
6955,1856,"2015-12-14",0,12.2,0,0,""
6956,1180,"2015-12-14",55,0.42,0,545.63,""
6954,1855,"2015-12-14",700,5.39,0.75,37.72,""
6953,1850,"2015-12-11",11849,103.49,0.75,24.03,""
6952,1848,"2015-12-11",5491,97.01,0.25,11.82,""
6951,1846,"2015-12-11",9826,102.35,0.75,20.15,""
6950,1856,"2015-12-11",2969,5.85,0.25,176.73,""
6949,1855,"2015-12-11",5300,20.4,0.75,67.43,""
6948,1849,"2015-12-11",4335,49.68,0.75,18.46,""
6947,1180,"2015-12-11",23,1.13,0,84.81,""
6946,1847,"2015-12-11",633,2,0.25,120.57,""
6945,1851,"2015-12-09",16286,12.91,0.75,167.41,""
6944,1846,"2015-12-10",3179,22.68,0.75,30.2,""
6943,1850,"2015-12-10",5202,48.49,0.75,22.7,""
6942,1848,"2015-12-10",2061,27.34,0.75,16.15,""
6941,1849,"2015-12-10",2023,25.55,0.75,16.99,""
6940,1847,"2015-12-10",2374,12.55,0.25,64.34,""
6939,1846,"2015-12-10",6647,80.52,0.75,17.36,""
6938,1850,"2015-12-10",14450,114.96,0.75,26.36,""
6936,1848,"2015-12-10",7225,91.32,0.75,16.62,""
6935,1849,"2015-12-10",4335,58.71,0.75,15.58,""
6934,1180,"2015-12-10",35,0.85,0,171.57,""
6933,1830,"2015-12-10",21801,44.99,0.75,61.6,""
6932,1841,"2015-12-10",2123,21.9,0.75,20.91,""
6931,1850,"2015-12-09",3757,30.64,0.75,26.19,""
6930,1846,"2015-12-09",1734,21.38,0.75,17.51,""
6929,1841,"2015-12-09",2023,22.67,0.75,19.23,""
6928,1848,"2015-12-09",2023,27.3,0.75,15.87,""
6927,1849,"2015-12-09",1734,21.1,0.75,17.75,""
6926,1847,"2015-12-09",1326,5.91,0.25,78.09,""
6925,1846,"2015-12-09",4046,74.62,0.75,11.41,""
6924,1841,"2015-12-09",4046,49.32,0.75,17.35,""
6923,1849,"2015-12-09",3468,44.59,0.75,16.48,""
6922,1852,"2015-12-09",6916,37.97,0.75,30.97,""
6921,1850,"2015-12-09",13583,119.07,0.75,23.92,""
6920,1854,"2015-12-09",4750,15,0.75,83.33,""
6919,1853,"2015-12-09",20240,58.1,0.75,44.12,""
6918,1848,"2015-12-09",3468,49.32,0.25,14.72,""
6917,1845,"2015-12-09",4688,36.2,0.75,40.07,""
6916,1846,"2015-12-08",2023,24.33,0.75,17.87,""
6915,1841,"2015-12-08",3179,23.31,0.75,29.36,""
6914,1848,"2015-12-08",4335,72.25,0.75,12.63,""
6913,1849,"2015-12-08",4624,68.37,0.75,14.25,""
6912,1850,"2015-12-08",3179,26.24,0.75,25.98,""
6911,1841,"2015-12-08",9248,112.32,0.75,17.27,""
6910,1846,"2015-12-08",3179,52.88,0.75,12.7,""
6909,1830,"2015-12-08",6000,11.93,0.75,67.08,""
6908,1850,"2015-12-08",5491,63.11,0.25,18.2,""
6907,1845,"2015-12-08",8208,56.17,0.75,44.88,""
6906,1847,"2015-12-08",0,17.7,0,0,""
6905,1846,"2015-12-07",3468,38.12,0.75,19.33,""
6904,1841,"2015-12-07",6358,60.93,0.75,22.01,""
6903,1848,"2015-12-07",1156,20.65,0.25,11.81,""
6902,1849,"2015-12-07",578,20.01,0.25,6.09,""
6901,1847,"2015-12-07",3114,14.2,0.75,77.17,""
6900,1846,"2015-12-07",2890,28.08,0.75,22.03,""
6899,1841,"2015-12-07",16473,119,0.75,29.02,""
6898,1844,"2015-12-07",18924,90.28,0.75,52.84,""
6897,1845,"2015-12-07",4368,36.13,0.75,37.41,""
6896,1840,"2015-12-07",3543,18,0.75,36.68,""
6895,1843,"2015-12-06",36057,70.63,0.75,129,""
6894,1842,"2015-12-05",17827,79.7,0.75,56.45,""
6893,1842,"2015-12-05",18240,66.64,0.75,69.21,""
6892,1839,"2015-12-04",7537,34.64,0.75,55.6,""
6891,1841,"2015-12-04",13872,106.25,0.75,27.39,""
6890,1839,"2015-12-04",18468,124.3,0.25,37.22,""
6889,1840,"2015-12-04",9600,65.2,0.75,265.99,""
6888,1839,"2015-12-03",11856,48.96,0.75,61.48,""
6887,1836,"2015-12-03",3488,29.52,0.75,36.74,""
6886,1838,"2015-12-03",4968,36.56,0.75,42.04,""
6885,1837,"2015-12-03",1038,37.03,0.25,13.72,""
6884,1835,"2015-12-03",1355,24.47,0.25,43.51,""
6883,1833,"2015-12-02",20925,99.67,0.75,44.07,""
6882,1836,"2015-12-02",7152,57.54,0.75,38.16,""
6881,1835,"2015-12-02",3168,66.23,0.25,37.34,""
6880,1833,"2015-12-01",19575,90.97,0.25,44.95,""
6879,1835,"2015-11-30",2952,19.12,0.25,121.67,""
6878,1836,"2015-12-01",3072,40.95,0.75,23.16,""
6877,1831,"2015-12-01",895,5.72,0.25,32.72,""
6876,1834,"2015-12-01",2950,15.12,0.75,36.66,""
6875,1833,"2015-11-30",16650,88.01,0.75,39.75,""
6874,1834,"2015-11-30",11184,49.8,0.75,40.72,""
6873,1825,"2015-11-30",4211,38.92,0.25,54.45,""
6872,1180,"2015-11-30",70,0.52,0,560.9,""
6871,1808,"2015-11-30",10784,42.55,0.75,64.5,""
6870,1180,"2015-11-30",61,0.1,0,2541.67,""
6869,1821,"2015-11-27",7630,39.2,0.75,66.15,""
6868,1808,"2015-11-27",21628,83.36,0.75,65.45,""
6867,1834,"2015-11-27",6864,31.15,0.75,40.32,""
6866,1833,"2015-11-27",8100,50.12,0.25,33.84,""
6865,1831,"2015-11-27",1131,8.37,0.25,27.86,""
6864,1825,"2015-11-27",4760,41.35,0.25,57.91,""
6863,1832,"2015-11-27",994,8.68,0.75,50.14,""
6862,1833,"2015-11-25",7425,64.45,0.75,24.28,""
6861,1808,"2015-11-25",9472,42,0.75,57.41,""
6860,1832,"2015-11-25",4032,41.06,0.75,40.01,""
6859,1831,"2015-11-24",464,0.77,0.25,178.46,""
6858,1821,"2015-11-25",7410,40.42,0.75,62.26,""
6857,1825,"2015-11-25",4200,48.21,0.25,43.79,""
6856,1180,"2015-11-25",21,0.7,0,125,""
6855,1830,"2015-11-25",11051,26.7,0.25,52.23,""
6854,1808,"2015-11-25",6729,25.16,0.75,68.92,""
6853,1808,"2015-11-24",27350,110.71,0.75,62.18,""
6852,1829,"2015-11-24",5043,23.22,0.75,38.96,""
6851,1821,"2015-11-24",6612,45.35,0.75,49.42,""
6850,1830,"2015-11-24",5100,10.6,0.25,61.59,""
6849,1825,"2015-11-24",4480,37.15,0.25,60.7,""
6848,1828,"2015-11-23",5038,1.4,0.75,1345.62,""
6847,1180,"2015-11-24",14,1.45,0,40.23,""
6846,1822,"2015-11-20",134,15.36,0,3.63,""
6845,1821,"2015-11-23",7524,41.2,0.75,62,""
6844,1824,"2015-11-23",9404,48.32,0.75,34.32,""
6843,1808,"2015-11-23",4650,15.21,0.75,80.39,""
6842,1827,"2015-11-23",22768,20.13,0.25,715.79,""
6841,1825,"2015-11-20",1400,7.25,0.25,100,""
6840,1826,"2015-11-20",32,0.83,0.25,45.98,""
6839,1180,"2015-11-23",73,0.78,0,389.96,""
6838,1808,"2015-11-23",17307,77.65,0.75,56.26,""
6837,1180,"2015-11-23",23,0.88,0,108.9,""
6836,1824,"2015-11-23",1006,8.49,0.75,22.56,""
6835,1824,"2015-11-20",8784,43,0.75,36.09,""
6834,1821,"2015-11-20",4788,35.65,0.75,45.73,""
6833,1808,"2015-11-20",17928,82.57,0.75,54.78,""
6832,1180,"2015-11-20",0,0.23,0,0,""
6831,1760,"2015-11-20",9824,33.6,0.25,49.1,""
6830,1822,"2015-11-19",192,22.78,0.1,3.53,""
6829,1821,"2015-11-19",1140,26.32,0.75,14.86,""
6828,1824,"2015-11-19",1248,9.78,0.75,23.99,""
6827,1808,"2015-11-19",3372,18.12,0.75,48.53,""
6826,1760,"2015-11-19",13392,42.98,0.75,52.85,""
6824,1819,"2015-11-19",18651,83.18,0.75,56.57,""
6825,1180,"2015-11-19",44,1,0,183.33,""
6823,1820,"2015-11-19",10236,40.62,0.75,45.85,""
6822,1822,"2015-11-18",174,14.25,0.25,5.18,""
6821,1812,"2015-11-18",11639,10.65,0.25,69.95,""
6820,1819,"2015-11-18",17700,59.67,0.75,75.1,""
6819,1820,"2015-11-18",13392,42.85,0.75,56.8,""
6818,1760,"2015-11-18",144,6.03,0.25,4.15,""
6817,1818,"2015-11-18",6528,40.12,0.25,20.47,""
6816,1821,"2015-11-18",2266,10.08,0.25,76.84,""
6815,1817,"2015-11-18",463,1.4,0.75,21.37,""
6814,1816,"2015-11-17",906,37.29,0.25,54.36,""
6813,1812,"2015-11-17",30000,21.96,0.25,86.37,""
6812,1806,"2015-11-17",14496,41.73,0.75,63.17,""
6811,1819,"2015-11-17",2100,6.35,0.75,93.75,""
6810,1818,"2015-11-17",2112,19.34,0.25,13.83,""
6809,1817,"2015-11-17",4800,6.03,0.75,27.27,""
6808,1180,"2015-11-17",13,0.6,0,90.28,""
6807,1766,"2015-11-17",5501,18.16,0.25,51.19,""
6806,1808,"2015-11-17",5091,15.15,0.75,88.39,""
6805,1815,"2015-11-17",5445,4.99,0.25,34.46,""
6804,1813,"2015-11-17",9561,18.18,0.75,4.3883e+07,""
6803,1808,"2015-11-16",15400,42.25,0.75,92.77,""
6802,1812,"2015-11-16",23000,25.05,0.1,57.62,""
6801,1813,"2015-11-16",6000,12.08,0.75,4.23654e+07,""
6800,1816,"2015-11-16",96,7.71,0.25,28.6,""
6799,1814,"2015-11-16",20790,45.17,0.75,58.5,""
6798,1810,"2015-11-16",8660,34.15,0.75,46.3,""
6797,1180,"2015-11-16",70,1.05,0,277.78,""
6796,1815,"2015-11-16",0,3.35,0,0,""
6795,1813,"2015-11-16",6000,11.56,0.75,4.44033e+07,""
6794,1812,"2015-11-13",33000,27,0.25,77.1,""
6793,1810,"2015-11-13",11808,37.79,0.75,56.93,""
6792,1808,"2015-11-13",12500,41.6,0.75,76.5,""
6791,1766,"2015-11-13",12960,31.93,0.75,69.28,""
6790,1809,"2015-11-12",1409,5.17,0.25,57.28,""
6789,1180,"2015-11-13",14,0.63,0,92.59,""
6788,1807,"2015-11-12",154,22.57,0.1,2.86,""
6787,1808,"2015-11-12",9000,37.42,0.75,61.36,""
6786,1810,"2015-11-12",11616,40,0.75,52.85,""
6785,1766,"2015-11-12",18000,43.47,0.75,70.22,""
6784,1180,"2015-11-12",26,0.33,0,328.28,""
6783,1766,"2015-11-11",17136,46.43,0.25,61.84,""
6782,1807,"2015-11-10",48,23.57,0.1,0.85,"machine wasnt work correctly. waiting for fix the machine."
6781,1180,"2015-11-11",6,0.13,0,192.31,""
6780,1806,"2015-11-10",12180,63,0.75,34.94,""
6778,1806,"2015-11-09",3360,19.01,0.75,32.86,""
6779,1180,"2015-11-10",24,0.45,0,222.22,""
6777,1180,"2015-11-09",73,2.47,0.21,134.59,""
6776,1805,"2015-11-09",4152,24.7,0.75,86.68,""
6775,1805,"2015-11-04",1680,11.71,0.75,76.64,""
6774,1625,"2015-11-04",4320,39.35,0.75,55.96,""
6773,1799,"2015-11-04",5987,20.28,0.75,54.74,""
6772,1180,"2015-11-04",22,0.03,0,3055.56,""
6771,1625,"2015-11-03",3240,41.35,0.75,39.9,""
6770,1804,"2015-11-03",4559,29.25,0.75,79.98,""
6769,1180,"2015-11-03",13,0.4,0,135.42,""
6768,1797,"2015-11-03",264,4.4,0,18.18,""
6767,1797,"2015-11-02",7440,40.24,0.75,57.09,""
6766,1804,"2015-11-02",840,5.9,0.25,74.34,""
6765,1803,"2015-11-02",5380,26.43,0.75,104.75,""
6764,1180,"2015-11-02",69,0.77,0,373.38,""
6763,1802,"2015-11-02",2895,13.38,0.25,110.24,""
6762,1797,"2015-10-30",11136,62.09,0.75,55.01,""
6761,1801,"2015-10-30",2014,19.94,0.75,41.98,""
6760,1802,"2015-10-30",1960,13.38,0.25,74.64,""
6759,1180,"2015-10-30",18,0.85,0,88.24,""
6758,1800,"2015-10-30",4921,31.99,0.75,78.76,""
6757,1799,"2015-10-30",6347,25.28,0.75,46.2,""
6756,1797,"2015-10-29",10944,60.5,0.75,55.5,""
6755,1768,"2015-10-29",7560,37.43,0.75,36.8,""
6754,1798,"2015-10-29",2599,20.08,0.75,35.85,""
6753,1180,"2015-10-29",20,0.6,0,138.89,""
6752,1772,"2015-10-29",2698,18.85,0.75,74.53,""
6751,1794,"2015-10-23",13392,32.7,0,68.26,""
6750,1180,"2015-10-28",44,0.53,0,345.91,""
6749,1756,"2015-10-27",24602,59.45,0.75,69.85,""
6748,1180,"2015-10-27",14,0.35,0,166.67,""
6747,1796,"2015-10-27",5061,16.6,0.75,53.22,""
6746,1795,"2015-10-27",3059,18.8,0.25,82.45,""
6745,1789,"2015-10-26",0,21.85,0,0,""
6744,1795,"2015-10-26",9240,46.07,0.25,100.83,""
6743,1796,"2015-10-26",9792,22.75,0.75,74.18,""
6742,1180,"2015-10-26",73,0.97,0,313.57,""
6741,1789,"2015-10-23",0,15.45,0,0,""
6740,1180,"2015-10-23",14,1.73,0,33.72,""
6739,1795,"2015-10-23",5600,34.12,0.25,82.67,""
6738,1793,"2015-10-23",729,9.76,0.75,2.67003e+06,""
6737,1768,"2015-10-23",3345,13.51,0.75,46.81,""
6736,1789,"2015-10-22",5460,33.16,0.75,5.05,""
6735,1793,"2015-10-22",9408,50.26,0.75,6.27073e+06,""
6734,1794,"2015-10-22",7344,19.8,0.25,62.61,""
6733,1768,"2015-10-22",1680,9.59,0.75,33.94,""
6732,1791,"2015-10-22",2398,48.3,0.75,42.03,""
6731,1790,"2015-10-22",16857,48.6,0.75,58.71,""
6730,1774,"2015-10-22",3182,16.71,0.75,39.87,""
6729,1180,"2015-10-22",25,0.02,0,5208.33,""
6728,1792,"2015-10-22",12238,21.12,0.75,75.1,""
6727,1740,"2015-10-22",775,8.54,0.75,30.15,""
6726,1740,"2015-10-21",10896,58.59,0.75,57.09,""
6725,1788,"2015-10-21",505,32.56,0.25,13.02,""
6724,1790,"2015-10-21",3024,6.6,0.75,86.15,""
6723,1774,"2015-10-20",3757,15.73,0.75,50.16,""
6719,1784,"2015-10-21",3410,33.69,0.75,51.76,""
6720,1180,"2015-10-21",42,0.15,0,1166.67,""
6721,1785,"2015-10-21",12072,34.5,0.75,2.14613e+07,""
6722,1787,"2015-10-21",14999,26.93,0.75,71.61,""
6718,1786,"2015-10-21",10,19.08,0.75,0.07,""
6717,1769,"2015-10-21",400,0.1,0.75,-18.46,""
6716,1769,"2015-10-20",18500,24.69,0.75,23.18,""
6715,1784,"2015-10-20",2520,18.12,0.75,72.54,""
6714,1740,"2015-10-20",960,6.16,0.75,53.77,""
6713,1778,"2015-10-20",5140,44.58,0.75,58.64,""
6712,1750,"2015-10-20",15469,29.2,0.75,67.97,""
6711,1782,"2015-10-20",7357,46.13,0.75,49.13,""
6710,1180,"2015-10-20",18,0.73,0,102.74,""
6709,1783,"2015-10-20",3748,30.97,0.75,62.01,"7:00-8:42 LOT CODE MACHINE WAS NOT WORKING"
6708,1780,"2015-10-20",273,20.88,0.75,5.65,""
6707,1781,"2015-10-20",4719,13.35,0.75,62.42,""
6706,1782,"2015-10-19",2688,16.71,0.75,51.04,""
6705,1780,"2015-10-19",864,33.4,0.75,11.03,""
6704,1778,"2015-10-16",2520,17.7,0.75,74.34,""
6703,1781,"2015-10-19",14688,45.81,0.75,54.33,""
6702,1774,"2015-10-19",3611,16.46,0.75,45.97,""
6701,1779,"2015-10-19",4524,40.11,0.75,57.47,""
6700,1769,"2015-10-19",9400,12.36,0.75,24.29,""
6699,1180,"2015-10-19",64,4.18,0,63.8,""
6698,1776,"2015-10-19",6480,42.14,0.75,47.44,""
6697,1770,"2015-10-19",4914,17.04,0,48.06,""
6696,1769,"2015-10-16",10400,20.69,0.75,15.65,""
6695,1774,"2015-10-15",1731,7.28,0.75,53.02,""
6694,1770,"2015-10-16",11376,40.09,0.75,48.2,""
6693,1779,"2015-10-16",560,9.15,0.75,33.33,""
6692,1767,"2015-10-16",399,30.8,0.75,2.95,""
6691,1776,"2015-10-16",7008,45.6,0.75,47.35,""
6690,1777,"2015-10-16",1147,6.48,0.75,100.09,""
6689,1180,"2015-10-16",15,0.48,0.75,-231.48,""
6684,1776,"2015-10-15",2832,19.8,0.75,45.05,""
6685,1772,"2015-10-15",7315,50.22,0.75,73.93,""
6686,1767,"2015-10-15",2000,34.37,0.75,13.22,""
6687,1772,"2015-10-16",2520,19.68,0.75,66.56,""
6688,1736,"2015-10-16",5052,27.5,0.75,33.72,""
6683,1769,"2015-10-15",19800,35.05,0.75,17.32,""
6682,1775,"2015-10-15",16469,33.46,0.75,62.94,""
6681,1180,"2015-10-15",28,0.8,0,145.83,""
6680,1773,"2015-10-15",11000,19.1,0.75,74.93,""
6679,1771,"2015-10-15",2805,14.1,0.75,37.52,""
6678,1768,"2015-10-14",4971,27.79,0.75,32.83,""
6677,1771,"2015-10-14",1872,11.4,0.75,31.39,""
6676,1770,"2015-10-14",3744,10.1,0.75,66.74,""
6675,1772,"2015-10-14",1120,9.6,0.75,63.28,""
6674,1769,"2015-10-14",1600,6.6,0.75,8.21,""
6673,1767,"2015-10-14",960,32.88,0.75,6.64,""
6669,1763,"2015-10-14",2281,4.42,0.75,12.43,""
6670,1180,"2015-10-14",19,0.72,0,109.95,""
6671,1766,"2015-10-14",8760,30.35,0.75,49.32,""
6672,1746,"2015-10-14",5396,43.65,0.75,62.89,""
6668,1765,"2015-10-14",4608,18.41,0.75,46.59,""
6667,1764,"2015-10-14",907,8.72,0.75,56.9,""
6666,1763,"2015-10-13",5988,16.7,0.75,7.51,""
6665,1764,"2015-10-13",6812,50.58,0.75,68.35,""
6664,1766,"2015-10-13",12240,37.28,0.75,55.84,""
6663,1765,"2015-10-13",9936,43.2,1,42.04,""
6662,1180,"2015-10-13",32,0.8,0,166.67,""
6661,1760,"2015-10-13",1152,6.52,0,29.45,""
6660,1762,"2015-10-13",534,7.02,0.75,14.79,""
6659,1760,"2015-10-12",17712,54.74,0.75,54.68,""
6658,1762,"2015-10-12",11520,56.67,1,35.93,""
6657,1763,"2015-10-12",1900,11.41,0.75,3.56,""
6656,1180,"2015-10-12",92,0.38,0,1008.77,""
6655,1761,"2015-10-12",7455,43.54,0.75,52.79,""
6654,1758,"2015-10-09",5410,31.23,0,52.49,""
6653,1759,"2015-10-09",15045,51.31,0.75,53.14,""
6652,1761,"2015-10-09",2640,19.39,0.75,42.92,""
6651,1760,"2015-10-09",6192,26.28,0.75,40.42,""
6650,1758,"2015-10-08",4656,30.64,0.75,47.2,""
6649,1757,"2015-10-08",5374,60.85,0.75,44.71,""
6648,1180,"2015-10-08",34,0.32,0,442.71,""
6647,1697,"2015-10-08",4472,32.4,0.75,42.82,""
6646,1754,"2015-10-08",10350,19.9,0.75,300.26,""
6645,1753,"2015-10-08",2340,9.12,0.75,55.91,""
6644,1755,"2015-10-07",5800,32.64,0.75,101.04,""
6643,1754,"2015-10-07",13500,16.38,0.75,479.85,""
6642,1753,"2015-10-07",13200,50.63,0.75,52.93,""
6641,1756,"2015-10-07",300,1.68,0.75,53.76,""
6640,1697,"2015-10-07",12432,64.97,0.75,58.66,""
6639,1180,"2015-10-07",23,0.35,0,273.81,""
6638,1180,"2015-10-07",27,0.63,0,178.57,""
6637,1697,"2015-10-06",10704,60.25,0.75,54.51,""
6636,1755,"2015-10-06",4050,13.4,0.75,177.87,""
6635,1735,"2015-10-06",6041,74.05,0.75,32.97,""
6634,1751,"2015-10-06",5158,35.92,0.75,61.11,""
6633,1753,"2015-10-06",9460,36.87,0.75,52.38,""
6632,1754,"2015-10-06",0,7.85,0,0,""
6631,1752,"2015-10-06",11000,22.08,0.75,64.46,""
6630,1735,"2015-10-05",3010,37.7,0.75,32.58,""
6629,1749,"2015-10-05",5945,55,0.75,54.79,""
6628,1697,"2015-10-05",11280,58.56,0.75,59.13,""
6627,1751,"2015-10-05",3948,25.02,0.75,67.78,""
6626,1750,"2015-10-05",22000,40.06,0.75,69.96,""
6625,1735,"2015-10-05",3465,34.4,0.25,40.59,""
7950,2252,"2016-04-28",19693,60.41,0.75,58.94,""
6623,1180,"2015-10-05",81,0.87,0,387.93,""
6622,1748,"2015-10-05",1769,12.6,0.75,62.2,""
6621,1692,"2015-10-02",4842,28.02,0.75,22.19,""
6620,1749,"2015-10-02",5320,58.59,0.75,45.99,""
6619,1697,"2015-10-02",6048,35.35,0.75,52.97,""
6618,1735,"2015-10-02",5793,64.99,0.25,35.79,""
6617,1748,"2015-10-02",6468,40.83,0.75,67.24,""
6616,1180,"2015-10-02",25,0.43,0,242.25,""
6615,1745,"2015-10-02",12000,24.68,0.75,62.68,""
6614,1698,"2015-10-02",2018,14.07,0.75,45.91,""
6613,1744,"2015-10-01",6000,12.04,0.75,66.43,""
6612,1747,"2015-10-01",4448,9.59,0.75,62.9,""
7949,2254,"2016-04-28",5311,32.5,0.75,69.7,""
7948,2240,"2016-04-28",8367,36.53,0.75,38.97,""
7947,2255,"2016-04-28",7181,10.44,0.75,247.02,""
7946,2253,"2016-04-28",8345,39.85,0.75,88.93,""
7945,2245,"2016-04-27",3228,0.15,0.75,-5380,"THE 494 IS CLOSED DIDNT  CLOSE THE JOB YESTERDAY.CLOCKING OUT PEOPLE TODAY.4/28/2016 AND CLOSE THE JOB."
7944,2250,"2016-04-28",2834,28.65,0.75,42.32,""
7943,2247,"2016-04-28",824,9,0.75,41.62,""
7942,2250,"2016-04-27",4225,41.5,0.75,43.2,""
7941,2252,"2016-04-27",16704,58.1,0.75,52.01,""
7940,2245,"2016-04-27",3850,-233.82,0.75,-16.41,""
7939,2240,"2016-04-27",6192,24.51,0.75,43.43,""
7938,2253,"2016-04-27",2622,16.72,0.75,68.41,""
7937,2247,"2016-04-27",3887,41.18,0.75,40.06,""
7936,2251,"2016-04-27",1510,16.08,0.75,41.04,""
7935,2245,"2016-04-26",3950,0,0.75,-5266.67,""
7934,2249,"2016-04-26",6858,54.88,0.75,126.69,""
7933,2245,"2016-04-26",0,9.8,0,0,"RUN"
7932,2247,"2016-04-26",3380,38.6,0.75,37.21,""
7931,2249,"2016-04-26",1300,39.42,0.75,33.62,""
7930,2250,"2016-04-26",1183,14.88,0.75,34.88,""
7929,2251,"2016-04-26",338,6.72,0.75,23.59,""
7928,2248,"2016-04-26",2262,12.28,0.75,81.74,""
7927,2246,"2016-04-26",2169,12.48,0.75,77.05,""
7926,2239,"2016-04-26",3193,34.75,0.75,39.13,""
7925,1180,"2016-04-26",8,2.26,0.75,22.08,""
7924,2245,"2016-04-26",1700,-268.5,0.75,-6.31,""
7923,1180,"2016-04-25",58,0.05,0.75,-345.24,""
7922,0,"0000-00-00",6624,0,0.75,0,""
6611,1698,"2015-10-01",5760,34.38,0.75,51.9,""
7921,2240,"2016-04-26",6624,24.6,0.75,46.29,""
7920,2243,"2016-04-26",158,3.1,0.75,28.01,""
7919,2245,"2016-04-25",3950,0,0.75,-5266.67,""
7918,2244,"2016-04-25",6605,81.91,0.75,81.38,""
7917,2243,"2016-04-25",507,10.75,0.75,21.13,""
7916,2239,"2016-04-25",3549,43.39,0.75,34.68,""
7915,2240,"2016-04-25",9216,34.58,0.75,45.4,""
7914,2242,"2016-04-25",2470,18.4,0.75,58.31,""
7913,2241,"2016-04-25",5235,29.05,0.75,56.06,""
7912,2237,"2016-04-25",1813,10.9,0.75,54.13,""
7911,2235,"2016-04-25",5626,33.4,0.75,71.8,""
7910,2236,"2016-04-25",2505,13.85,0.75,79.68,""
7909,2234,"2016-04-25",905,5.1,0.75,34.67,""
7908,2233,"2016-04-23",4126,-198.91,0.75,-20.67,""
7907,2233,"2016-04-22",10315,20.91,0.75,511.66,""
7906,2236,"2016-04-22",6721,44.5,0.75,64.01,""
7905,2235,"2016-04-22",6955,42.1,0.75,70.08,""
7904,0,"0000-00-00",2100,0,0.75,0,""
7903,2233,"2016-04-22",2100,27.8,0.75,77.63,""
7902,0,"0000-00-00",8304,0,0.75,0,""
7901,2237,"2016-04-22",8304,46,0.75,55.61,""
7900,2234,"2016-04-22",14688,49.38,0.75,50.34,""
7899,1180,"2016-04-22",28,0.93,0,125.45,""
7898,2229,"2016-04-22",1365,9.18,0.75,49.07,""
7897,2232,"2016-04-22",3827,-106.82,0.75,-35.58,""
7896,2231,"2016-04-22",678,0.12,0.75,-448.41,""
7895,2213,"2016-04-22",0,5.7,75,0,"ACCIDENTLY PUNCHED INTO 105852V INSTEAD OF 105852G"
7894,2232,"2016-04-21",3398,15.69,0.75,227.44,""
7893,2229,"2016-04-21",7488,42.8,0.75,53.96,""
7892,2231,"2016-04-21",6417,40.53,0.75,67.21,""
7891,1974,"2016-04-21",14382,45.3,0.75,57.65,""
7890,2149,"2016-04-21",3792,23.97,0.75,49.49,""
7889,2230,"2016-04-21",478,4.26,0.75,56.74,""
7888,2216,"2016-04-21",4033,26.49,0.75,65.28,""
7887,2189,"2016-04-21",622,7.34,0.75,9438.54,""
7886,2213,"2016-04-21",4272,27.33,0.75,66.97,""
7885,2214,"2016-04-21",26339,4.2,0.75,954.31,""
7884,2218,"2016-04-20",325,6.16,0.75,14.3,""
7883,2228,"2016-04-21",1405,1.26,0.75,655.93,""
7882,2227,"2016-04-21",2721,1.26,0.75,1270.31,""
7881,2226,"2016-04-21",394,3.76,0.75,31.17,""
7880,2225,"2016-04-20",560,0,0.75,-177.78,""
7879,2224,"2016-04-20",2114,12.46,0.75,42.98,""
7878,2223,"2016-04-20",3880,13.86,0.75,70.47,""
6610,1180,"2015-10-01",19,0.32,0,247.4,""
7877,2222,"2016-04-20",427,0.84,0.75,1129.63,""
7876,2217,"2016-04-20",864,3.71,0.75,69.5,""
7875,2221,"2016-04-20",962,4.08,0.75,68.78,""
7874,2220,"2016-04-20",1570,11.2,0.75,35.77,""
7873,2219,"2016-04-20",319,0.56,0.75,-399.75,""
7872,2217,"2016-04-20",0,0.91,0,0,"IS RON REPORTE "
7871,2189,"2016-04-20",1868,16.84,0.75,11609.7,""
7870,2216,"2016-04-20",1764,11.75,0.75,66.82,""
7869,2213,"2016-04-20",5131,40.15,0.75,54.26,""
7868,2149,"2016-04-20",4224,32.4,0.75,40.44,""
7867,2214,"2016-04-20",2700,44.59,0.75,7.7,""
7866,2207,"2016-04-20",5413,33.52,0.75,50.06,""
7865,1180,"2016-04-20",23,0.82,0,116.87,""
7864,2215,"2016-04-20",909,9.15,0.75,45.09,""
7863,2212,"2016-04-20",2777,20.14,0.75,59.67,""
7862,2208,"2016-04-20",6609,12.11,0.75,72.72,""
7861,2211,"2016-04-19",9226,25.8,0.75,73.66,""
7860,2210,"2016-04-19",9010,17.96,0.75,104.71,""
7859,2208,"2016-04-19",2700,40.64,0.75,8.46,""
7858,2207,"2016-04-19",9936,59.74,0.75,51.04,""
7857,2210,"2016-04-19",6000,12.9,0.75,98.77,""
7856,2209,"2016-04-19",4931,15.9,0.75,65.1,""
7855,1180,"2016-04-19",24,0.7,0,142.86,""
7854,0,"0000-00-00",2088,0,0.75,0,""
7853,2204,"2016-04-19",2088,13.2,0.75,67.08,""
7852,2206,"2016-04-19",6674,-48.91,0.75,-26.88,""
7851,0,"0000-00-00",12698,0,0.75,0,""
7850,2205,"2016-04-19",12698,19.5,0.75,84.65,""
7849,2206,"2016-04-18",3500,0,0.75,-933.33,""
7848,2203,"2016-04-18",9663,21.45,0.75,93.36,""
7847,2205,"2016-04-18",13800,21.33,0.75,83.82,""
7846,2192,"2016-04-18",8486,50.4,0.75,51.79,""
7845,2204,"2016-04-18",936,15,0.75,26.27,""
7844,2203,"2016-04-18",5700,12.5,0.75,97.02,""
7843,2189,"2016-04-18",1843,13.47,0.75,14489,""
7842,1180,"2016-04-18",49,2.72,0,75.06,""
7841,2194,"2016-04-18",10320,35.48,0.75,118.86,""
7840,2202,"2016-04-18",4919,13.15,0.75,79.34,""
7839,2198,"2016-04-18",19648,38.66,0.75,64.79,""
7838,2196,"2016-04-18",3414,11.82,0.75,102.8,""
7837,2200,"2016-04-15",4300,1.2,0.75,1911.11,""
7836,2201,"2016-04-16",15300,26.32,0.75,119.67,""
7835,2201,"2016-04-15",10000,17.12,0.75,122.17,""
7834,2199,"2016-04-15",4010,14.6,0.75,57.91,""
7833,1180,"2016-04-15",49,1.58,0,129.22,""
7832,2189,"2016-04-14",981,16.9,0.75,6074.3,""
7831,2192,"2016-04-15",8880,67.37,0.75,40.39,""
7830,2194,"2016-04-15",15648,50.7,0.75,125.31,""
7829,2198,"2016-04-15",12000,16.32,0.75,96.34,""
7828,2196,"2016-04-15",12663,41.8,0.75,102.83,""
7827,2195,"2016-04-15",23038,43.78,0.75,66.92,""
7826,2192,"2016-04-14",2592,21.6,0.75,37.67,""
7825,2194,"2016-04-14",1824,8.85,0.75,90.07,""
7824,2193,"2016-04-14",4296,14.15,0.75,106.87,""
7823,2187,"2016-04-14",10957,37.38,0.75,53.42,""
7822,2195,"2016-04-14",3000,4.2,0.75,108.7,""
7821,2191,"2016-04-14",31462,51.17,0.75,78,""
7820,2190,"2016-04-14",5429,25.28,0.75,73.77,""
7819,2187,"2016-04-13",13392,47.99,0.75,50.62,""
7818,2188,"2016-04-13",3198,16.29,0.75,85.75,""
7817,2186,"2016-04-13",9115,38.43,0.75,80.64,""
7815,2185,"2016-04-13",4160,27.26,0.75,65.38,""
7816,1180,"2016-04-13",25,1.75,0,59.52,""
7814,2182,"2016-04-13",1929,13.79,0.75,44.83,""
7813,2034,"2016-04-13",1104,2.55,0.75,340.74,""
7812,2184,"2016-04-12",9210,60.28,0.75,73.67,""
7811,2034,"2016-04-12",232,2.52,0.75,72.82,""
7810,2183,"2016-04-12",1868,12.02,0.75,69.06,""
7809,2182,"2016-04-12",3888,26.6,0.75,45.58,""
7808,2179,"2016-04-12",7334,34.9,0.75,89.48,""
7807,1180,"2016-04-12",25,0.82,0,127.03,""
7806,2176,"2016-04-12",5264,31.2,0.75,57.62,""
7805,2174,"2016-04-12",1377,7.65,0.75,35.64,""
7804,2181,"2016-04-11",3900,0,0.75,-2476.19,""
7803,2180,"2016-04-11",4507,27.09,0.25,79.96,""
7802,2177,"2016-04-11",2416,15.23,0.75,3.50387e+06,""
7801,2179,"2016-04-11",1897,11.28,0,70.07,""
7800,1180,"2016-04-05",70,0.92,0,317.03,""
7799,2176,"2016-04-11",4896,30.72,0.75,54.45,""
7798,2177,"2016-04-11",6600,26.65,0.75,5.35135e+06,""
7797,2174,"2016-04-11",13392,46.02,0.75,52.83,""
7796,2178,"2016-04-11",3099,19.02,0.75,70.68,""
7795,2169,"2016-04-11",4200,5.63,0.75,107.58,""
7794,2173,"2016-04-11",3549,18.21,0.75,84.69,""
7793,2172,"2016-04-11",1556,11.35,0.75,69.9,""
7792,2170,"2016-04-11",931,7.05,0.75,61.57,""
7791,2168,"2016-04-11",741,4.2,0.75,37.29,""
7790,2172,"2016-04-09",9450,47.58,0.75,96.09,""
7789,2172,"2016-04-08",3500,11.5,0.75,155.04,""
7788,2156,"2016-04-08",3500,0.01,0.75,-3547.3,""
7787,2171,"2016-04-08",4743,26.85,0.75,86.54,""
7786,2168,"2016-04-08",11808,29.16,0.75,72.16,""
7785,2169,"2016-04-08",16800,27.5,0.75,78.5,""
7784,2170,"2016-04-08",1764,10.92,0.75,72.27,""
7783,2164,"2016-04-08",1850,13.68,0.75,59.62,""
7782,2165,"2016-04-08",6270,38.52,0.75,69.17,""
7781,2167,"2016-04-08",1584,35.83,0.75,37.63,""
7780,2150,"2016-04-08",3070,12.61,0.75,44.94,""
7779,2166,"2016-04-08",9317,13.9,0.75,88.56,""
7778,1996,"2016-02-23",2438,33.04,0.75,20.97,""
7777,2165,"2016-04-07",7203,47.55,0.75,64.13,""
7776,2158,"2016-04-07",1500,7.1,0.75,177.17,""
7775,2164,"2016-04-07",8198,48.63,0.75,71.34,""
7774,2166,"2016-04-07",12000,15.75,0.75,100,""
7773,2163,"2016-04-07",9880,38.32,0.75,45.66,""
7770,2162,"2016-04-06",15000,26.58,0.75,72.59,""
7771,2162,"2016-04-07",11685,17.1,0.75,89.33,""
7772,1786,"2016-04-07",4769,8.4,0.75,77.92,""
7767,2160,"2016-04-06",7575,32,0.75,80.8,""
7768,2161,"2016-04-06",10096,54.8,0.75,32.43,""
7769,2163,"2016-04-06",1248,10.94,0.75,21.26,""
7766,2023,"2016-04-06",20516,32.58,0.75,80.57,""
7765,2023,"2016-04-05",12000,26.76,0.75,57.67,""
7764,2157,"2016-04-05",8509,62.21,0.75,41.95,""
7763,2159,"2016-04-05",4329,29.15,0.75,50.81,""
7762,1853,"2016-04-05",11999,24.18,0.75,64.02,""
7761,2023,"2016-04-05",5514,10.08,0.75,73.87,""
7760,2158,"2016-04-04",2006,20.08,0.75,77.83,""
7759,2157,"2016-04-04",6864,44.66,0.75,47.37,""
7758,2158,"2016-04-04",3200,27,0.75,91.43,""
7757,2152,"2016-04-04",2161,18.7,0.75,36.48,""
7756,2023,"2016-04-04",19500,36.3,0.75,68.57,""
7755,1180,"2016-04-04",81,2.22,0.75,229.59,""
7754,2156,"2016-04-04",8478,22.98,0.75,286.03,""
7753,2153,"2016-04-04",1530,13.2,0.75,45.52,""
7752,2156,"2016-04-01",4370,27.42,0.75,122.89,""
7751,2152,"2016-04-01",8400,55.02,0.75,46.9,""
7750,2153,"2016-04-01",5376,41.65,0.75,48.68,""
7749,2156,"2016-04-01",1300,17.1,0.75,59.63,""
7748,1180,"2016-03-28",42,1.8,0.75,166.67,""
7746,2154,"2016-03-31",1728,9.15,0.75,154.29,""
7747,2155,"2016-03-31",4651,29.85,0.75,119.87,""
7745,2152,"2016-03-31",9216,67.29,0.75,41.97,""
7744,2153,"2016-03-31",4704,41.75,0.75,42.49,""
7743,2154,"2016-03-31",2700,22.6,0.75,92.68,""
7742,2151,"2016-03-31",1494,19.1,0.75,61.06,""
7741,2151,"2016-03-30",5440,39.5,0.75,105.29,""
7740,2152,"2016-03-30",0,3.6,0.75,0,""
7739,2151,"2016-03-30",2400,26.74,0.75,69.26,""
7738,2150,"2016-03-30",7104,55.76,0.75,22.42,""
7737,2148,"2016-03-30",2684,31.17,0.75,66.17,""
7736,2147,"2016-03-30",3350,13.52,0.75,43.72,""
7735,2145,"2016-03-30",919,10.18,0.75,17.4,""
7734,2148,"2016-03-29",4148,39,0.75,81.33,""
7733,2145,"2016-03-29",15408,49.38,0.75,56.58,""
7732,2149,"2016-03-29",916,8.7,0.75,34.92,""
7730,2148,"2016-03-29",5500,48.12,0.75,87.08,""
7731,2147,"2016-03-29",8928,26.29,0.75,58.26,""
7729,2099,"2016-03-29",4240,31.22,0.75,42.17,""
7728,2144,"2016-03-29",888,9.72,0.75,30,""
7727,2144,"2016-03-28",6624,43.32,0.75,47.15,""
7726,2145,"2016-03-28",11040,37.63,0.75,53.46,""
7725,2148,"2016-03-28",2000,27.18,0.75,56.75,""
7724,2147,"2016-03-28",4608,19.12,0.75,41.81,""
7723,2136,"2016-03-28",1716,8.23,0.75,40.97,""
7721,2143,"2016-03-28",3883,9.5,0.75,73.96,""
7722,2146,"2016-03-28",1749,7.9,0.75,40.77,""
7720,2142,"2016-03-28",610,6.78,0.75,30.65,""
7719,2136,"2016-03-25",14400,44.63,0.75,58.6,""
7718,2133,"2016-03-25",13898,76.95,0.75,76,""
7717,2142,"2016-03-25",7056,46.68,0.75,46.55,""
7716,2143,"2016-03-25",1008,8.24,0.75,22.43,""
7715,2141,"2016-03-25",13104,54,0.75,41.01,""
7714,2130,"2016-03-24",10117,48.03,0.75,89.16,""
7713,2133,"2016-03-24",8190,50.82,0.75,68.15,""
7712,2136,"2016-03-24",15840,57.13,0.75,50.17,""
7711,2141,"2016-03-24",3168,18.6,0.75,29.58,""
7710,1180,"2016-03-24",32,1.2,0,111.11,""
7709,2139,"2016-03-24",2009,22.75,0.75,45.66,""
7708,2140,"2016-03-24",405,6.5,0.75,35.22,""
7707,2135,"2016-03-24",9671,31.25,0.75,79.27,""
7706,1180,"2016-03-09",9,1.1,0,34.09,""
7705,2137,"2016-03-24",99,4.29,0.75,77.68,""
7704,2138,"2016-03-24",50,1.98,0.75,20.33,""
7703,2118,"2016-03-21",398,29.53,0.75,6.91,""
7702,2133,"2016-03-23",5725,39.1,0.75,62.2,""
7701,2130,"2016-03-23",6903,43.38,0.75,67.47,""
7700,2125,"2016-03-23",20400,58.05,0.75,63.58,""
7699,2134,"2016-03-23",4468,32.58,0.75,70.19,""
7698,2135,"2016-03-23",10488,34.68,0.75,77.28,""
7697,2115,"2016-03-23",5815,48.42,0.75,36.96,""
7696,2121,"2016-03-23",2976,14.82,0.75,88.13,""
7695,2132,"2016-03-23",100,3.6,0.75,17.54,""
7694,2117,"2016-03-23",2616,10.25,0.75,91.79,""
7693,2129,"2016-03-23",652,6.72,0.75,54.61,""
7692,2131,"2016-03-23",123,2.52,0.75,34.75,""
7691,2120,"2016-03-23",321,7.1,0.75,21.06,""
7690,2120,"2016-03-22",7926,42.51,0.75,79.08,""
7689,2117,"2016-03-22",2530,10.15,0.75,89.72,""
7688,2125,"2016-03-22",10848,37.69,0.75,52.44,""
7687,2115,"2016-03-22",8208,50.46,0.75,50.04,""
7686,2121,"2016-03-22",8976,44.5,0.75,85.49,""
7685,2129,"2016-03-22",270,11.58,0.75,12.47,""
7684,2119,"2016-03-22",5314,31.4,0.75,72.24,""
7683,2128,"2016-03-22",20,2.86,0.75,4.74,""
7682,2127,"2016-03-22",994,11.77,0.75,45.1,""
7681,2126,"2016-03-22",209,2.6,0.75,56.49,""
7680,2124,"2016-03-22",1260,16.25,0.75,40.65,""
7679,2109,"2016-03-22",1459,13.12,0.75,49.14,""
7678,2121,"2016-03-21",3808,28.5,0.75,57.18,""
7677,2120,"2016-03-21",4213,30.78,0.75,58.46,""
7676,2115,"2016-03-21",6768,49.92,0.75,41.71,""
7675,2119,"2016-03-21",6048,32.85,0.75,78.5,""
7674,2109,"2016-03-21",11784,49.95,0.75,99.8,""
7673,2124,"2016-03-21",900,9.85,0.75,49.45,""
7672,2123,"2016-03-21",58,1.65,0.75,32.22,""
7671,2122,"2016-03-21",522,7.9,0.75,36.5,""
7670,2117,"2016-03-21",5170,21.72,0.75,82.18,""
7669,2111,"2016-03-21",1568,8.23,0.75,87.34,""
7668,2113,"2016-03-21",1764,14.95,0.75,51.76,""
7667,2113,"2016-03-18",5824,36.99,0.75,66.96,""
7666,2111,"2016-03-18",7405,41,0.75,76.66,""
7665,2115,"2016-03-18",4464,31.32,0.75,44.25,""
7664,2116,"2016-03-18",7955,29.7,0.75,47.71,""
7663,2109,"2016-03-18",8736,41.85,0.75,88.56,""
7662,2100,"2016-03-18",42449,24.69,0.75,53.19,""
7661,2114,"2016-03-18",1993,26.95,0.75,38.03,""
7660,2011,"2016-03-18",5216,20.37,0.75,46.15,""
7659,2112,"2016-03-17",50,1.85,0.75,22.73,""
7657,2099,"2016-03-18",2487,19.02,0.75,41.25,""
7658,2108,"2016-03-18",617,14.73,0.75,22.07,""
7656,2111,"2016-03-17",7168,24.15,0.75,127.64,""
7655,2100,"2016-03-17",10750,24.99,0.75,13.3,""
7654,2099,"2016-03-17",8112,50.4,0.75,49.51,""
7653,2011,"2016-03-17",4320,17.7,0.75,44.25,""
7652,2108,"2016-03-17",316,10.21,0.75,16.7,""
7651,2109,"2016-03-17",5376,25.85,0.75,89.24,""
7650,2113,"2016-03-17",1458,13.1,0.75,49.19,""
7649,2106,"2016-03-17",6755,32.88,0.75,36.5,""
7648,2110,"2016-03-17",3529,10.65,0.75,148.53,""
7647,2108,"2016-03-17",1034,24,0.75,22.24,""
7646,2107,"2016-03-17",2524,47.53,0.75,22.48,""
7645,2083,"2016-03-11",1755,2.52,0.75,247.88,""
7644,2099,"2016-03-16",8832,58.94,0.75,45.99,""
7643,2100,"2016-03-16",15000,23.01,0.75,20.22,""
7642,2106,"2016-03-16",4800,29.61,0.75,28.88,""
7641,2105,"2016-03-16",0,22.29,0,0,""
7640,2107,"2016-03-16",0,7.48,0.75,0,""
7639,2104,"2016-03-16",20613,79.2,0.75,65.69,""
7638,2050,"2016-03-16",6222,29.12,0.75,39.16,""
7637,2097,"2016-03-15",16017,59.01,0.75,49.09,""
7636,2099,"2016-03-15",6480,43.5,0.75,45.93,""
7635,2102,"2016-03-15",4335,17.28,0.75,87.42,""
7634,2100,"2016-03-15",0,3.25,0,0,""
7633,2103,"2016-03-15",2700,11.22,0.75,85.96,""
7632,2101,"2016-03-15",5094,17.7,0.75,100.18,""
7631,1952,"2016-03-15",2123,26.1,0.75,34.89,""
7630,2082,"2016-03-15",9850,31.98,0.75,105.13,""
7629,2089,"2016-03-15",10721,31.62,0.75,115.77,""
7628,2098,"2016-03-15",1179,11.22,0.75,28.15,""
7627,1697,"2016-03-15",456,6.6,0.75,23.62,""
7626,2082,"2016-03-14",13714,53.76,0.75,86.24,""
7625,1697,"2016-03-14",4752,36.6,0.75,40.17,""
7624,2097,"2016-03-14",3072,11.55,0.75,50.79,""
7623,2089,"2016-03-14",15680,50.68,0.75,104.68,""
7622,2094,"2016-03-14",5137,5.45,0.75,121.44,""
7621,2098,"2016-03-14",912,4.1,0.75,68.06,""
7620,2096,"2016-03-14",867,5.6,0.75,44.69,""
7619,2038,"2016-03-14",2688,14.35,0.75,35.29,""
7618,2095,"2016-03-14",432,0.15,0.75,-180,""
7617,2093,"2016-03-14",1406,15.03,0.75,24.61,""
7616,2080,"2016-03-14",10281,34.59,0.75,54.25,""
7615,2092,"2016-03-14",1588,16.72,0.75,24.86,""
7614,2030,"2016-03-14",5976,2.22,0.75,121.96,""
7613,2090,"2016-03-14",557,7.36,0.75,21.07,""
7612,2030,"2016-03-11",16500,25.05,0.75,20.37,""
7611,2080,"2016-03-11",20160,55.19,0.75,66.13,""
7610,2090,"2016-03-11",1368,9.48,0.75,39.18,""
7609,2082,"2016-03-11",11385,44.4,0.75,86.94,""
7608,2076,"2016-03-10",6065,0,0.75,-3144.81,""
7607,2089,"2016-03-11",3360,12.9,0.75,92.18,""
7606,2088,"2016-03-11",869,4.62,0.75,56.14,""
7605,2079,"2016-03-11",11619,36.78,0.75,107.49,""
7604,2087,"2016-03-11",753,7.98,0.75,26.04,""
7603,2086,"2016-03-11",1208,5.4,0.75,64.95,""
7602,2085,"2016-03-11",348,3.48,0.75,31.87,""
7601,2084,"2016-03-11",1097,7.02,0.75,43.74,""
7600,2081,"2016-03-11",770,5.88,0.75,37.52,""
7599,2078,"2016-03-11",689,4.8,0.75,56.71,""
7598,2028,"2016-03-10",9406,49.7,0.75,48.04,""
7597,2030,"2016-03-10",0,22.23,0,0,""
7596,2078,"2016-03-10",6072,25.46,0.75,81.91,""
7595,2079,"2016-03-10",1359,3.75,0.75,151,""
7594,2076,"2016-03-10",4600,31.26,0.75,58.63,""
7593,2077,"2016-03-10",10668,31.78,0.75,114.6,""
7592,2074,"2016-03-10",7815,39.06,0.75,34,""
7591,2072,"2016-03-10",5243,23.95,0.75,94.16,""
7590,2075,"2016-03-10",1485,5.9,0.75,72.09,""
7589,2070,"2016-03-09",3000,17.7,0.75,68.83,""
7588,2028,"2016-03-09",1140,21.15,0.75,13.97,""
7587,2072,"2016-03-09",9632,48.08,0.75,84.79,""
7586,2034,"2016-03-09",5904,138.01,0.75,23.9,""
7584,2074,"2016-03-09",2208,11.65,0.75,33.76,""
7585,2075,"2016-03-09",912,4.9,0.75,54.94,""
7583,2073,"2016-03-09",4233,25.75,0.75,47.03,""
7582,2030,"2016-03-09",12250,22.56,0.75,16.85,""
7581,1818,"2016-03-09",6787,33.16,0.75,26.18,""
7580,2069,"2016-03-09",3919,22.22,0.75,50.7,""
7579,2071,"2016-03-09",1971,11.22,0.75,52.29,""
7578,2034,"2016-03-03",5604,18.48,0.75,175.6,""
7577,2070,"2016-03-08",1400,7.76,0.75,77.67,""
7576,2069,"2016-03-08",4500,28.7,0.75,44.72,""
7575,2030,"2016-03-07",14000,17.77,0.75,24.68,""
7574,1818,"2016-03-08",9120,54,0.75,21.41,""
7573,2071,"2016-03-08",2200,13.62,0.75,47.48,""
7572,2060,"2016-03-08",5568,34.9,0.75,45.29,""
7571,2066,"2016-03-08",1512,28.36,0.75,30.42,""
7570,2050,"2016-03-08",1160,7.75,0.75,29.59,""
7569,2067,"2016-03-08",2795,18.53,0.75,43.67,""
7568,2051,"2016-03-07",10464,57.89,0.75,30.52,""
7567,2035,"2016-03-08",264,5.7,0.25,26.91,""
7566,2064,"2016-03-08",384,7.56,0.75,31.33,""
7565,1943,"2016-02-02",9000,13.72,0.75,20.82,""
7564,2064,"2016-03-07",624,16.11,0.75,22.57,""
7563,2063,"2016-03-07",1692,43.49,0.75,21.99,""
